person_verse_id,reference_id,person_label_id,person_id,person_verse_notes,person_verse_sequence
GEN 1:1__G-d_1__G-d_1_1,GEN 1:1,G-d_1_1,G-d_1,,1
GEN 1:2__G-d_1__G-d_1_1,GEN 1:2,G-d_1_1,G-d_1,,2
GEN 1:3__G-d_1__G-d_1_1,GEN 1:3,G-d_1_1,G-d_1,,3
GEN 1:4__G-d_1__G-d_1_1,GEN 1:4,G-d_1_1,G-d_1,,4
GEN 1:5__G-d_1__G-d_1_1,GEN 1:5,G-d_1_1,G-d_1,,5
GEN 1:6__G-d_1__G-d_1_1,GEN 1:6,G-d_1_1,G-d_1,,6
GEN 1:7__G-d_1__G-d_1_1,GEN 1:7,G-d_1_1,G-d_1,,7
GEN 1:8__G-d_1__G-d_1_1,GEN 1:8,G-d_1_1,G-d_1,,8
GEN 1:9__G-d_1__G-d_1_1,GEN 1:9,G-d_1_1,G-d_1,,9
GEN 1:10__G-d_1__G-d_1_1,GEN 1:10,G-d_1_1,G-d_1,,10
GEN 1:11__G-d_1__G-d_1_1,GEN 1:11,G-d_1_1,G-d_1,,11
GEN 1:12__G-d_1__G-d_1_1,GEN 1:12,G-d_1_1,G-d_1,,12
GEN 1:13__NA__NA,GEN 1:13,NA,NA,,13
GEN 1:14__G-d_1__G-d_1_1,GEN 1:14,G-d_1_1,G-d_1,,14
GEN 1:15__NA__NA,GEN 1:15,NA,NA,,15
GEN 1:16__G-d_1__G-d_1_1,GEN 1:16,G-d_1_1,G-d_1,,16
GEN 1:17__G-d_1__G-d_1_1,GEN 1:17,G-d_1_1,G-d_1,,17
GEN 1:18__G-d_1__G-d_1_1,GEN 1:18,G-d_1_1,G-d_1,,18
GEN 1:19__NA__NA,GEN 1:19,NA,NA,,19
GEN 1:20__G-d_1__G-d_1_1,GEN 1:20,G-d_1_1,G-d_1,,20
GEN 1:21__G-d_1__G-d_1_1,GEN 1:21,G-d_1_1,G-d_1,,21
GEN 1:22__G-d_1__G-d_1_1,GEN 1:22,G-d_1_1,G-d_1,,22
GEN 1:23__NA__NA,GEN 1:23,NA,NA,,23
GEN 1:24__G-d_1__G-d_1_1,GEN 1:24,G-d_1_1,G-d_1,,24
GEN 1:25__G-d_1__G-d_1_1,GEN 1:25,G-d_1_1,G-d_1,,25
GEN 1:26__G-d_1__G-d_1_1,GEN 1:26,G-d_1_1,G-d_1,,26
GEN 1:27__G-d_1__G-d_1_1,GEN 1:27,G-d_1_1,G-d_1,,27
GEN 1:28__G-d_1__G-d_1_1,GEN 1:28,G-d_1_1,G-d_1,,28
GEN 1:29__G-d_1__G-d_1_1,GEN 1:29,G-d_1_1,G-d_1,,29
GEN 1:30__NA__NA,GEN 1:30,NA,NA,,30
GEN 1:31__G-d_1__G-d_1_1,GEN 1:31,G-d_1_1,G-d_1,,31
GEN 2:1__NA__NA,GEN 2:1,NA,NA,,32
GEN 2:2__G-d_1__G-d_1_1,GEN 2:2,G-d_1_1,G-d_1,,33
GEN 2:3__G-d_1__G-d_1_1,GEN 2:3,G-d_1_1,G-d_1,,34
GEN 2:4__G-d_1__G-d_1_1,GEN 2:4,G-d_1_1,G-d_1,,35
GEN 2:5__G-d_1__G-d_1_1,GEN 2:5,G-d_1_1,G-d_1,,36
GEN 2:6__NA__NA,GEN 2:6,NA,NA,,37
GEN 2:7__G-d_1__G-d_1_2,GEN 2:7,G-d_1_2,G-d_1,LORD G-d,38
GEN 2:8__G-d_1__G-d_1_2,GEN 2:8,G-d_1_2,G-d_1,LORD G-d,39
GEN 2:9__G-d_1__G-d_1_2,GEN 2:9,G-d_1_2,G-d_1,LORD G-d,40
GEN 2:10__NA__NA,GEN 2:10,NA,NA,,41
GEN 2:11__NA__NA,GEN 2:11,NA,NA,,42
GEN 2:12__NA__NA,GEN 2:12,NA,NA,,43
GEN 2:13__NA__NA,GEN 2:13,NA,NA,,44
GEN 2:14__NA__NA,GEN 2:14,NA,NA,,45
GEN 2:15__G-d_1__G-d_1_2,GEN 2:15,G-d_1_2,G-d_1,LORD G-d,46
GEN 2:16__G-d_1__G-d_1_2,GEN 2:16,G-d_1_2,G-d_1,LORD G-d,47
GEN 2:17__NA__NA,GEN 2:17,NA,NA,,48
GEN 2:18__G-d_1__G-d_1_2,GEN 2:18,G-d_1_2,G-d_1,LORD G-d,49
GEN 2:19__G-d_1__G-d_1_2,GEN 2:19,G-d_1_2,G-d_1,LORD G-d,50
GEN 2:20__Adam_1__Adam_1_1,GEN 2:20,Adam_1_1,Adam_1,,51
GEN 2:21__G-d_1__G-d_1_2,GEN 2:21,G-d_1_2,G-d_1,LORD G-d,52
GEN 2:22__G-d_1__G-d_1_2,GEN 2:22,G-d_1_2,G-d_1,LORD G-d,53
GEN 2:23__NA__NA,GEN 2:23,NA,NA,,54
GEN 2:24__NA__NA,GEN 2:24,NA,NA,,55
GEN 2:25__NA__NA,GEN 2:25,NA,NA,,56
GEN 3:1__G-d_1__G-d_1_2,GEN 3:1,G-d_1_2,G-d_1,LORD G-d (both),57
GEN 3:2__NA__NA,GEN 3:2,NA,NA,,58
GEN 3:3__G-d_1__G-d_1_1,GEN 3:3,G-d_1_1,G-d_1,,59
GEN 3:4__NA__NA,GEN 3:4,NA,NA,,60
GEN 3:5__G-d_1__G-d_1_1,GEN 3:5,G-d_1_1,G-d_1,(both),61
GEN 3:6__NA__NA,GEN 3:6,NA,NA,,62
GEN 3:7__NA__NA,GEN 3:7,NA,NA,,63
GEN 3:8__G-d_1__G-d_1_2,GEN 3:8,G-d_1_2,G-d_1,LORD G-d (both),64
GEN 3:9__G-d_1__G-d_1_2,GEN 3:9,G-d_1_2,G-d_1,LORD G-d,65
GEN 3:10__NA__NA,GEN 3:10,NA,NA,,66
GEN 3:11__NA__NA,GEN 3:11,NA,NA,,67
GEN 3:12__NA__NA,GEN 3:12,NA,NA,,68
GEN 3:13__G-d_1__G-d_1_2,GEN 3:13,G-d_1_2,G-d_1,LORD G-d,69
GEN 3:14__G-d_1__G-d_1_2,GEN 3:14,G-d_1_2,G-d_1,LORD G-d,70
GEN 3:15__NA__NA,GEN 3:15,NA,NA,,71
GEN 3:16__NA__NA,GEN 3:16,NA,NA,,72
GEN 3:17__Adam_1__Adam_1_1,GEN 3:17,Adam_1_1,Adam_1,,73
GEN 3:18__NA__NA,GEN 3:18,NA,NA,,74
GEN 3:19__NA__NA,GEN 3:19,NA,NA,,75
GEN 3:20__Eve_1__Eve_1_1,GEN 3:20,Eve_1_1,Eve_1,,76
GEN 3:21__G-d_1__G-d_1_2,GEN 3:21,G-d_1_2,G-d_1,LORD G-d,77
GEN 3:21__Adam_1__Adam_1_1,GEN 3:21,Adam_1_1,Adam_1,,78
GEN 3:22__G-d_1__G-d_1_2,GEN 3:22,G-d_1_2,G-d_1,LORD G-d,79
GEN 3:23__G-d_1__G-d_1_2,GEN 3:23,G-d_1_2,G-d_1,LORD G-d,80
GEN 3:24__NA__NA,GEN 3:24,NA,NA,,81
GEN 4:1__Eve_1__Eve_1_1,GEN 4:1,Eve_1_1,Eve_1,,82
GEN 4:1__Cain_1__Cain_1_1,GEN 4:1,Cain_1_1,Cain_1,,83
GEN 4:1__G-d_1__G-d_1_3,GEN 4:1,G-d_1_3,G-d_1,LORD,84
GEN 4:2__Abel_1__Abel_1_1,GEN 4:2,Abel_1_1,Abel_1,(both),85
GEN 4:2__Cain_1__Cain_1_1,GEN 4:2,Cain_1_1,Cain_1,,86
GEN 4:3__Cain_1__Cain_1_1,GEN 4:3,Cain_1_1,Cain_1,,87
GEN 4:3__G-d_1__G-d_1_3,GEN 4:3,G-d_1_3,G-d_1,LORD,88
GEN 4:4__Abel_1__Abel_1_1,GEN 4:4,Abel_1_1,Abel_1,(both),89
GEN 4:4__G-d_1__G-d_1_3,GEN 4:4,G-d_1_3,G-d_1,LORD,90
GEN 4:5__Cain_1__Cain_1_1,GEN 4:5,Cain_1_1,Cain_1,(both),91
GEN 4:6__G-d_1__G-d_1_3,GEN 4:6,G-d_1_3,G-d_1,LORD,92
GEN 4:6__Cain_1__Cain_1_1,GEN 4:6,Cain_1_1,Cain_1,,93
GEN 4:7__NA__NA,GEN 4:7,NA,NA,,94
GEN 4:8__Cain_1__Cain_1_1,GEN 4:8,Cain_1_1,Cain_1,(both),95
GEN 4:8__Abel_1__Abel_1_1,GEN 4:8,Abel_1_1,Abel_1,(both),96
GEN 4:9__G-d_1__G-d_1_3,GEN 4:9,G-d_1_3,G-d_1,LORD,97
GEN 4:9__Cain_1__Cain_1_1,GEN 4:9,Cain_1_1,Cain_1,,98
GEN 4:9__Abel_1__Abel_1_1,GEN 4:9,Abel_1_1,Abel_1,,99
GEN 4:10__NA__NA,GEN 4:10,NA,NA,,100
GEN 4:11__NA__NA,GEN 4:11,NA,NA,,101
GEN 4:12__NA__NA,GEN 4:12,NA,NA,,102
GEN 4:13__Cain_1__Cain_1_1,GEN 4:13,Cain_1_1,Cain_1,,103
GEN 4:14__NA__NA,GEN 4:14,NA,NA,,104
GEN 4:15__G-d_1__G-d_1_3,GEN 4:15,G-d_1_3,G-d_1,LORD (both),105
GEN 4:15__Cain_1__Cain_1_1,GEN 4:15,Cain_1_1,Cain_1,(both),106
GEN 4:16__Cain_1__Cain_1_1,GEN 4:16,Cain_1_1,Cain_1,,107
GEN 4:16__G-d_1__G-d_1_3,GEN 4:16,G-d_1_3,G-d_1,LORD,108
GEN 4:17__Cain_1__Cain_1_1,GEN 4:17,Cain_1_1,Cain_1,,109
GEN 4:17__Enoch_1__Enoch_1_1,GEN 4:17,Enoch_1_1,Enoch_1,,110
GEN 4:18__Enoch_1__Enoch_1_1,GEN 4:18,Enoch_1_1,Enoch_1,,111
GEN 4:18__Irad_1__Irad_1_1,GEN 4:18,Irad_1_1,Irad_1,,112
GEN 4:18__Mehujael_1__Mehujael_1_1,GEN 4:18,Mehujael_1_1,Mehujael_1,,113
GEN 4:18__Methushael_1__Methushael_1_1,GEN 4:18,Methushael_1_1,Methushael_1,,114
GEN 4:18__Lamech_1__Lamech_1_1,GEN 4:18,Lamech_1_1,Lamech_1,,115
GEN 4:19__Lamech_1__Lamech_1_1,GEN 4:19,Lamech_1_1,Lamech_1,,116
GEN 4:19__Adah_1__Adah_1_1,GEN 4:19,Adah_1_1,Adah_1,,117
GEN 4:19__Zillah_1__Zillah_1_1,GEN 4:19,Zillah_1_1,Zillah_1,,118
GEN 4:20__Adah_1__Adah_1_1,GEN 4:20,Adah_1_1,Adah_1,,119
GEN 4:20__Jabal_1__Jabal_1_1,GEN 4:20,Jabal_1_1,Jabal_1,,120
GEN 4:21__Jubal_1__Jubal_1_1,GEN 4:21,Jubal_1_1,Jubal_1,,121
GEN 4:22__Zillah_1__Zillah_1_1,GEN 4:22,Zillah_1_1,Zillah_1,,122
GEN 4:22__Tubal-cain_1__Tubal-cain_1_1,GEN 4:22,Tubal-cain_1_1,Tubal-cain_1,(both),123
GEN 4:22__Naamah_1__Naamah_1_1,GEN 4:22,Naamah_1_1,Naamah_1,,124
GEN 4:23__Lamech_1__Lamech_1_1,GEN 4:23,Lamech_1_1,Lamech_1,(both),125
GEN 4:23__Adah_1__Adah_1_1,GEN 4:23,Adah_1_1,Adah_1,,126
GEN 4:23__Zillah_1__Zillah_1_1,GEN 4:23,Zillah_1_1,Zillah_1,,127
GEN 4:24__Cain_1__Cain_1_1,GEN 4:24,Cain_1_1,Cain_1,,128
GEN 4:24__Lamech_1__Lamech_1_1,GEN 4:24,Lamech_1_1,Lamech_1,,129
GEN 4:25__Adam_1__Adam_1_1,GEN 4:25,Adam_1_1,Adam_1,,130
GEN 4:25__Seth_1__Seth_1_1,GEN 4:25,Seth_1_1,Seth_1,,131
GEN 4:25__G-d_1__G-d_1_1,GEN 4:25,G-d_1_1,G-d_1,,132
GEN 4:25__Abel_1__Abel_1_1,GEN 4:25,Abel_1_1,Abel_1,,133
GEN 4:25__Cain_1__Cain_1_1,GEN 4:25,Cain_1_1,Cain_1,,134
GEN 4:26__Seth_1__Seth_1_1,GEN 4:26,Seth_1_1,Seth_1,,135
GEN 4:26__Enosh_1__Enosh_1_1,GEN 4:26,Enosh_1_1,Enosh_1,,136
GEN 4:26__G-d_1__G-d_1_3,GEN 4:26,G-d_1_3,G-d_1,LORD,137
GEN 5:1__Adam_1__Adam_1_1,GEN 5:1,Adam_1_1,Adam_1,,138
GEN 5:1__G-d_1__G-d_1_1,GEN 5:1,G-d_1_1,G-d_1,,139
GEN 5:2__NA__NA,GEN 5:2,NA,NA,,140
GEN 5:3__Adam_1__Adam_1_1,GEN 5:3,Adam_1_1,Adam_1,,141
GEN 5:3__Seth_1__Seth_1_1,GEN 5:3,Seth_1_1,Seth_1,,142
GEN 5:4__Adam_1__Adam_1_1,GEN 5:4,Adam_1_1,Adam_1,,143
GEN 5:4__Seth_1__Seth_1_1,GEN 5:4,Seth_1_1,Seth_1,,144
GEN 5:5__Adam_1__Adam_1_1,GEN 5:5,Adam_1_1,Adam_1,,145
GEN 5:6__Seth_1__Seth_1_1,GEN 5:6,Seth_1_1,Seth_1,,146
GEN 5:6__Enosh_1__Enosh_1_1,GEN 5:6,Enosh_1_1,Enosh_1,,147
GEN 5:7__Seth_1__Seth_1_1,GEN 5:7,Seth_1_1,Seth_1,,148
GEN 5:7__Enosh_1__Enosh_1_1,GEN 5:7,Enosh_1_1,Enosh_1,,149
GEN 5:8__Seth_1__Seth_1_1,GEN 5:8,Seth_1_1,Seth_1,,150
GEN 5:9__Enosh_1__Enosh_1_1,GEN 5:9,Enosh_1_1,Enosh_1,,151
GEN 5:9__Kenan_1__Kenan_1_1,GEN 5:9,Kenan_1_1,Kenan_1,,152
GEN 5:10__Enosh_1__Enosh_1_1,GEN 5:10,Enosh_1_1,Enosh_1,,153
GEN 5:10__Kenan_1__Kenan_1_1,GEN 5:10,Kenan_1_1,Kenan_1,,154
GEN 5:11__Enosh_1__Enosh_1_1,GEN 5:11,Enosh_1_1,Enosh_1,,155
GEN 5:12__Kenan_1__Kenan_1_1,GEN 5:12,Kenan_1_1,Kenan_1,,156
GEN 5:12__Mahalalel_1__Mahalalel_1_1,GEN 5:12,Mahalalel_1_1,Mahalalel_1,,157
GEN 5:13__Kenan_1__Kenan_1_1,GEN 5:13,Kenan_1_1,Kenan_1,,158
GEN 5:13__Mahalalel_1__Mahalalel_1_1,GEN 5:13,Mahalalel_1_1,Mahalalel_1,,159
GEN 5:14__Kenan_1__Kenan_1_1,GEN 5:14,Kenan_1_1,Kenan_1,,160
GEN 5:15__Mahalalel_1__Mahalalel_1_1,GEN 5:15,Mahalalel_1_1,Mahalalel_1,,161
GEN 5:15__Jared_1__Jared_1_1,GEN 5:15,Jared_1_1,Jared_1,,162
GEN 5:16__Mahalalel_1__Mahalalel_1_1,GEN 5:16,Mahalalel_1_1,Mahalalel_1,,163
GEN 5:16__Jared_1__Jared_1_1,GEN 5:16,Jared_1_1,Jared_1,,164
GEN 5:17__Mahalalel_1__Mahalalel_1_1,GEN 5:17,Mahalalel_1_1,Mahalalel_1,,165
GEN 5:18__Jared_1__Jared_1_1,GEN 5:18,Jared_1_1,Jared_1,,166
GEN 5:18__Enoch_2__Enoch_2_1,GEN 5:18,Enoch_2_1,Enoch_2,,167
GEN 5:19__Jared_1__Jared_1_1,GEN 5:19,Jared_1_1,Jared_1,,168
GEN 5:19__Enoch_2__Enoch_2_1,GEN 5:19,Enoch_2_1,Enoch_2,,169
GEN 5:20__Jared_1__Jared_1_1,GEN 5:20,Jared_1_1,Jared_1,,170
GEN 5:21__Enoch_2__Enoch_2_1,GEN 5:21,Enoch_2_1,Enoch_2,,171
GEN 5:21__Methuselah_1__Methuselah_1_1,GEN 5:21,Methuselah_1_1,Methuselah_1,,172
GEN 5:22__Enoch_2__Enoch_2_1,GEN 5:22,Enoch_2_1,Enoch_2,,173
GEN 5:22__Methuselah_1__Methuselah_1_1,GEN 5:22,Methuselah_1_1,Methuselah_1,,174
GEN 5:23__Enoch_2__Enoch_2_1,GEN 5:23,Enoch_2_1,Enoch_2,,175
GEN 5:24__Enoch_2__Enoch_2_1,GEN 5:24,Enoch_2_1,Enoch_2,,176
GEN 5:24__G-d_1__G-d_1_1,GEN 5:24,G-d_1_1,G-d_1,(both),177
GEN 5:25__Methuselah_1__Methuselah_1_1,GEN 5:25,Methuselah_1_1,Methuselah_1,,178
GEN 5:25__Lamech_2__Lamech_2_1,GEN 5:25,Lamech_2_1,Lamech_2,,179
GEN 5:26__Methuselah_1__Methuselah_1_1,GEN 5:26,Methuselah_1_1,Methuselah_1,,180
GEN 5:26__Lamech_2__Lamech_2_1,GEN 5:26,Lamech_2_1,Lamech_2,,181
GEN 5:27__Methuselah_1__Methuselah_1_1,GEN 5:27,Methuselah_1_1,Methuselah_1,,182
GEN 5:28__Lamech_2__Lamech_2_1,GEN 5:28,Lamech_2_1,Lamech_2,,183
GEN 5:29__Noah_1__Noah_1_1,GEN 5:29,Noah_1_1,Noah_1,,184
GEN 5:29__G-d_1__G-d_1_3,GEN 5:29,G-d_1_3,G-d_1,LORD,185
GEN 5:30__Lamech_2__Lamech_2_1,GEN 5:30,Lamech_2_1,Lamech_2,,186
GEN 5:30__Noah_1__Noah_1_1,GEN 5:30,Noah_1_1,Noah_1,,187
GEN 5:31__Lamech_2__Lamech_2_1,GEN 5:31,Lamech_2_1,Lamech_2,,188
GEN 5:32__Noah_1__Noah_1_1,GEN 5:32,Noah_1_1,Noah_1,(both),189
GEN 5:32__Shem_1__Shem_1_1,GEN 5:32,Shem_1_1,Shem_1,,190
GEN 5:32__Ham_1__Ham_1_1,GEN 5:32,Ham_1_1,Ham_1,,191
GEN 5:32__Japheth_1__Japheth_1_1,GEN 5:32,Japheth_1_1,Japheth_1,,192
GEN 6:1__NA__NA,GEN 6:1,NA,NA,,193
GEN 6:2__G-d_1__G-d_1_1,GEN 6:2,G-d_1_1,G-d_1,,194
GEN 6:3__G-d_1__G-d_1_3,GEN 6:3,G-d_1_3,G-d_1,LORD,195
GEN 6:4__G-d_1__G-d_1_1,GEN 6:4,G-d_1_1,G-d_1,,196
GEN 6:5__G-d_1__G-d_1_3,GEN 6:5,G-d_1_3,G-d_1,LORD,197
GEN 6:6__G-d_1__G-d_1_3,GEN 6:6,G-d_1_3,G-d_1,LORD,198
GEN 6:7__G-d_1__G-d_1_3,GEN 6:7,G-d_1_3,G-d_1,LORD,199
GEN 6:8__Noah_1__Noah_1_1,GEN 6:8,Noah_1_1,Noah_1,,200
GEN 6:8__G-d_1__G-d_1_3,GEN 6:8,G-d_1_3,G-d_1,LORD,201
GEN 6:9__Noah_1__Noah_1_1,GEN 6:9,Noah_1_1,Noah_1,(all three),202
GEN 6:9__G-d_1__G-d_1_1,GEN 6:9,G-d_1_1,G-d_1,,203
GEN 6:10__Noah_1__Noah_1_1,GEN 6:10,Noah_1_1,Noah_1,,204
GEN 6:10__Shem_1__Shem_1_1,GEN 6:10,Shem_1_1,Shem_1,,205
GEN 6:10__Ham_1__Ham_1_1,GEN 6:10,Ham_1_1,Ham_1,,206
GEN 6:10__Japheth_1__Japheth_1_1,GEN 6:10,Japheth_1_1,Japheth_1,,207
GEN 6:11__G-d_1__G-d_1_1,GEN 6:11,G-d_1_1,G-d_1,,208
GEN 6:12__G-d_1__G-d_1_1,GEN 6:12,G-d_1_1,G-d_1,,209
GEN 6:13__G-d_1__G-d_1_1,GEN 6:13,G-d_1_1,G-d_1,,210
GEN 6:13__Noah_1__Noah_1_1,GEN 6:13,Noah_1_1,Noah_1,,211
GEN 6:14__NA__NA,GEN 6:14,NA,NA,,212
GEN 6:15__NA__NA,GEN 6:15,NA,NA,,213
GEN 6:16__NA__NA,GEN 6:16,NA,NA,,214
GEN 6:17__NA__NA,GEN 6:17,NA,NA,,215
GEN 6:18__NA__NA,GEN 6:18,NA,NA,,216
GEN 6:19__NA__NA,GEN 6:19,NA,NA,,217
GEN 6:20__NA__NA,GEN 6:20,NA,NA,,218
GEN 6:21__NA__NA,GEN 6:21,NA,NA,,219
GEN 6:22__Noah_1__Noah_1_1,GEN 6:22,Noah_1_1,Noah_1,,220
GEN 6:22__G-d_1__G-d_1_1,GEN 6:22,G-d_1_1,G-d_1,,221
GEN 7:1__G-d_1__G-d_1_3,GEN 7:1,G-d_1_3,G-d_1,LORD,222
GEN 7:1__Noah_1__Noah_1_1,GEN 7:1,Noah_1_1,Noah_1,,223
GEN 7:2__NA__NA,GEN 7:2,NA,NA,,224
GEN 7:3__NA__NA,GEN 7:3,NA,NA,,225
GEN 7:4__NA__NA,GEN 7:4,NA,NA,,226
GEN 7:5__Noah_1__Noah_1_1,GEN 7:5,Noah_1_1,Noah_1,,227
GEN 7:5__G-d_1__G-d_1_3,GEN 7:5,G-d_1_3,G-d_1,LORD,228
GEN 7:6__Noah_1__Noah_1_1,GEN 7:6,Noah_1_1,Noah_1,,229
GEN 7:7__Noah_1__Noah_1_1,GEN 7:7,Noah_1_1,Noah_1,,230
GEN 7:8__NA__NA,GEN 7:8,NA,NA,,231
GEN 7:9__Noah_1__Noah_1_1,GEN 7:9,Noah_1_1,Noah_1,(both),232
GEN 7:9__G-d_1__G-d_1_1,GEN 7:9,G-d_1_1,G-d_1,,233
GEN 7:10__NA__NA,GEN 7:10,NA,NA,,234
GEN 7:11__Noah_1__Noah_1_1,GEN 7:11,Noah_1_1,Noah_1,,235
GEN 7:12__NA__NA,GEN 7:12,NA,NA,,236
GEN 7:13__Noah_1__Noah_1_1,GEN 7:13,Noah_1_1,Noah_1,(all three),237
GEN 7:13__Shem_1__Shem_1_1,GEN 7:13,Shem_1_1,Shem_1,,238
GEN 7:13__Ham_1__Ham_1_1,GEN 7:13,Ham_1_1,Ham_1,,239
GEN 7:13__Japheth_1__Japheth_1_1,GEN 7:13,Japheth_1_1,Japheth_1,,240
GEN 7:14__NA__NA,GEN 7:14,NA,NA,,241
GEN 7:15__Noah_1__Noah_1_1,GEN 7:15,Noah_1_1,Noah_1,,242
GEN 7:16__G-d_1__G-d_1_1,GEN 7:16,G-d_1_1,G-d_1,,243
GEN 7:16__G-d_1__G-d_1_3,GEN 7:16,G-d_1_3,G-d_1,LORD,244
GEN 7:17__NA__NA,GEN 7:17,NA,NA,,245
GEN 7:18__NA__NA,GEN 7:18,NA,NA,,246
GEN 7:19__NA__NA,GEN 7:19,NA,NA,,247
GEN 7:20__NA__NA,GEN 7:20,NA,NA,,248
GEN 7:21__NA__NA,GEN 7:21,NA,NA,,249
GEN 7:22__NA__NA,GEN 7:22,NA,NA,,250
GEN 7:23__Noah_1__Noah_1_1,GEN 7:23,Noah_1_1,Noah_1,,251
GEN 7:24__NA__NA,GEN 7:24,NA,NA,,252
GEN 8:1__G-d_1__G-d_1_1,GEN 8:1,G-d_1_1,G-d_1,(both),253
GEN 8:1__Noah_1__Noah_1_1,GEN 8:1,Noah_1_1,Noah_1,,254
GEN 8:2__NA__NA,GEN 8:2,NA,NA,,255
GEN 8:3__NA__NA,GEN 8:3,NA,NA,,256
GEN 8:4__NA__NA,GEN 8:4,NA,NA,,257
GEN 8:5__NA__NA,GEN 8:5,NA,NA,,258
GEN 8:6__Noah_1__Noah_1_1,GEN 8:6,Noah_1_1,Noah_1,,259
GEN 8:7__NA__NA,GEN 8:7,NA,NA,,260
GEN 8:8__NA__NA,GEN 8:8,NA,NA,,261
GEN 8:9__NA__NA,GEN 8:9,NA,NA,,262
GEN 8:10__NA__NA,GEN 8:10,NA,NA,,263
GEN 8:11__Noah_1__Noah_1_1,GEN 8:11,Noah_1_1,Noah_1,,264
GEN 8:12__NA__NA,GEN 8:12,NA,NA,,265
GEN 8:13__Noah_1__Noah_1_1,GEN 8:13,Noah_1_1,Noah_1,,266
GEN 8:14__NA__NA,GEN 8:14,NA,NA,,267
GEN 8:15__G-d_1__G-d_1_1,GEN 8:15,G-d_1_1,G-d_1,,268
GEN 8:15__Noah_1__Noah_1_1,GEN 8:15,Noah_1_1,Noah_1,,269
GEN 8:16__NA__NA,GEN 8:16,NA,NA,,270
GEN 8:17__NA__NA,GEN 8:17,NA,NA,,271
GEN 8:18__Noah_1__Noah_1_1,GEN 8:18,Noah_1_1,Noah_1,,272
GEN 8:19__NA__NA,GEN 8:19,NA,NA,,273
GEN 8:20__Noah_1__Noah_1_1,GEN 8:20,Noah_1_1,Noah_1,,274
GEN 8:20__G-d_1__G-d_1_3,GEN 8:20,G-d_1_3,G-d_1,LORD,275
GEN 8:21__G-d_1__G-d_1_3,GEN 8:21,G-d_1_3,G-d_1,LORD (both),276
GEN 8:22__NA__NA,GEN 8:22,NA,NA,,277
GEN 9:1__G-d_1__G-d_1_1,GEN 9:1,G-d_1_1,G-d_1,,278
GEN 9:1__Noah_1__Noah_1_1,GEN 9:1,Noah_1_1,Noah_1,,279
GEN 9:2__NA__NA,GEN 9:2,NA,NA,,280
GEN 9:3__NA__NA,GEN 9:3,NA,NA,,281
GEN 9:4__NA__NA,GEN 9:4,NA,NA,,282
GEN 9:5__NA__NA,GEN 9:5,NA,NA,,283
GEN 9:6__G-d_1__G-d_1_1,GEN 9:6,G-d_1_1,G-d_1,,284
GEN 9:7__NA__NA,GEN 9:7,NA,NA,,285
GEN 9:8__G-d_1__G-d_1_1,GEN 9:8,G-d_1_1,G-d_1,,286
GEN 9:8__Noah_1__Noah_1_1,GEN 9:8,Noah_1_1,Noah_1,,287
GEN 9:9__NA__NA,GEN 9:9,NA,NA,,288
GEN 9:10__NA__NA,GEN 9:10,NA,NA,,289
GEN 9:11__NA__NA,GEN 9:11,NA,NA,,290
GEN 9:12__G-d_1__G-d_1_1,GEN 9:12,G-d_1_1,G-d_1,,291
GEN 9:13__NA__NA,GEN 9:13,NA,NA,,292
GEN 9:14__NA__NA,GEN 9:14,NA,NA,,293
GEN 9:15__NA__NA,GEN 9:15,NA,NA,,294
GEN 9:16__G-d_1__G-d_1_1,GEN 9:16,G-d_1_1,G-d_1,,295
GEN 9:17__G-d_1__G-d_1_1,GEN 9:17,G-d_1_1,G-d_1,,296
GEN 9:17__Noah_1__Noah_1_1,GEN 9:17,Noah_1_1,Noah_1,,297
GEN 9:18__Noah_1__Noah_1_1,GEN 9:18,Noah_1_1,Noah_1,,298
GEN 9:18__Shem_1__Shem_1_1,GEN 9:18,Shem_1_1,Shem_1,,299
GEN 9:18__Ham_1__Ham_1_1,GEN 9:18,Ham_1_1,Ham_1,,300
GEN 9:18__Japheth_1__Japheth_1_1,GEN 9:18,Japheth_1_1,Japheth_1,,301
GEN 9:18__Canaan_1__Canaan_1_1,GEN 9:18,Canaan_1_1,Canaan_1,,302
GEN 9:19__Noah_1__Noah_1_1,GEN 9:19,Noah_1_1,Noah_1,,303
GEN 9:20__Noah_1__Noah_1_1,GEN 9:20,Noah_1_1,Noah_1,,304
GEN 9:21__NA__NA,GEN 9:21,NA,NA,,305
GEN 9:22__Ham_1__Ham_1_1,GEN 9:22,Ham_1_1,Ham_1,,306
GEN 9:22__Canaan_1__Canaan_1_1,GEN 9:22,Canaan_1_1,Canaan_1,,307
GEN 9:23__Shem_1__Shem_1_1,GEN 9:23,Shem_1_1,Shem_1,,308
GEN 9:23__Japheth_1__Japheth_1_1,GEN 9:23,Japheth_1_1,Japheth_1,,309
GEN 9:24__Noah_1__Noah_1_1,GEN 9:24,Noah_1_1,Noah_1,,310
GEN 9:25__Canaan_1__Canaan_1_1,GEN 9:25,Canaan_1_1,Canaan_1,,311
GEN 9:26__G-d_1__G-d_1_3,GEN 9:26,G-d_1_3,G-d_1,LORD,312
GEN 9:26__G-d_1__G-d_1_4,GEN 9:26,G-d_1_4,G-d_1,G-d of Shem,313
GEN 9:26__Canaan_1__Canaan_1_1,GEN 9:26,Canaan_1_1,Canaan_1,,314
GEN 9:27__G-d_1__G-d_1_1,GEN 9:27,G-d_1_1,G-d_1,,315
GEN 9:27__Japheth_1__Japheth_1_1,GEN 9:27,Japheth_1_1,Japheth_1,,316
GEN 9:27__Shem_1__Shem_1_1,GEN 9:27,Shem_1_1,Shem_1,,317
GEN 9:27__Canaan_1__Canaan_1_1,GEN 9:27,Canaan_1_1,Canaan_1,,318
GEN 9:28__Noah_1__Noah_1_1,GEN 9:28,Noah_1_1,Noah_1,,319
GEN 9:29__Noah_1__Noah_1_1,GEN 9:29,Noah_1_1,Noah_1,,320
GEN 10:1__Shem_1__Shem_1_1,GEN 10:1,Shem_1_1,Shem_1,,321
GEN 10:1__Ham_1__Ham_1_1,GEN 10:1,Ham_1_1,Ham_1,,322
GEN 10:1__Japheth_1__Japheth_1_1,GEN 10:1,Japheth_1_1,Japheth_1,,323
GEN 10:1__Noah_1__Noah_1_1,GEN 10:1,Noah_1_1,Noah_1,,324
GEN 10:2__Japheth_1__Japheth_1_1,GEN 10:2,Japheth_1_1,Japheth_1,,325
GEN 10:2__Gomer_1__Gomer_1_1,GEN 10:2,Gomer_1_1,Gomer_1,,326
GEN 10:2__Magog_1__Magog_1_1,GEN 10:2,Magog_1_1,Magog_1,,327
GEN 10:2__Madai_1__Madai_1_1,GEN 10:2,Madai_1_1,Madai_1,,328
GEN 10:2__Javan_1__Javan_1_1,GEN 10:2,Javan_1_1,Javan_1,,329
GEN 10:2__Tubal_1__Tubal_1_1,GEN 10:2,Tubal_1_1,Tubal_1,,330
GEN 10:2__Meshech_1__Meshech_1_1,GEN 10:2,Meshech_1_1,Meshech_1,,331
GEN 10:2__Tiras_1__Tiras_1_1,GEN 10:2,Tiras_1_1,Tiras_1,,332
GEN 10:3__Gomer_1__Gomer_1_1,GEN 10:3,Gomer_1_1,Gomer_1,,333
GEN 10:3__Ashkenaz_1__Ashkenaz_1_1,GEN 10:3,Ashkenaz_1_1,Ashkenaz_1,,334
GEN 10:3__Riphath_1__Riphath_1_1,GEN 10:3,Riphath_1_1,Riphath_1,,335
GEN 10:3__Togarmah_1__Togarmah_1_1,GEN 10:3,Togarmah_1_1,Togarmah_1,,336
GEN 10:4__Javan_1__Javan_1_1,GEN 10:4,Javan_1_1,Javan_1,,337
GEN 10:4__Elishah_1__Elishah_1_1,GEN 10:4,Elishah_1_1,Elishah_1,,338
GEN 10:4__Tarshish_1__Tarshish_1_1,GEN 10:4,Tarshish_1_1,Tarshish_1,,339
GEN 10:4__Kittim_1__Kittim_1_1,GEN 10:4,Kittim_1_1,Kittim_1,,340
GEN 10:4__Dodanim_1__Dodanim_1_1,GEN 10:4,Dodanim_1_1,Dodanim_1,,341
GEN 10:5__NA__NA,GEN 10:5,NA,NA,,342
GEN 10:6__Ham_1__Ham_1_1,GEN 10:6,Ham_1_1,Ham_1,,343
GEN 10:6__Cush_1__Cush_1_1,GEN 10:6,Cush_1_1,Cush_1,,344
GEN 10:6__Mizraim_1__Mizraim_1_1,GEN 10:6,Mizraim_1_1,Mizraim_1,,345
GEN 10:6__Put_1__Put_1_1,GEN 10:6,Put_1_1,Put_1,,346
GEN 10:6__Canaan_1__Canaan_1_1,GEN 10:6,Canaan_1_1,Canaan_1,,347
GEN 10:7__Cush_1__Cush_1_1,GEN 10:7,Cush_1_1,Cush_1,,348
GEN 10:7__Seba_1__Seba_1_1,GEN 10:7,Seba_1_1,Seba_1,,349
GEN 10:7__Havilah_1__Havilah_1_1,GEN 10:7,Havilah_1_1,Havilah_1,,350
GEN 10:7__Sabtah_1__Sabtah_1_1,GEN 10:7,Sabtah_1_1,Sabtah_1,,351
GEN 10:7__Raamah_1__Raamah_1_1,GEN 10:7,Raamah_1_1,Raamah_1,(both),352
GEN 10:7__Sabteca_1__Sabteca_1_1,GEN 10:7,Sabteca_1_1,Sabteca_1,,353
GEN 10:7__Sheba_1__Sheba_1_1,GEN 10:7,Sheba_1_1,Sheba_1,,354
GEN 10:7__Dedan_1__Dedan_1_1,GEN 10:7,Dedan_1_1,Dedan_1,,355
GEN 10:8__Cush_1__Cush_1_1,GEN 10:8,Cush_1_1,Cush_1,,356
GEN 10:8__Nimrod_1__Nimrod_1_1,GEN 10:8,Nimrod_1_1,Nimrod_1,,357
GEN 10:9__G-d_1__G-d_1_3,GEN 10:9,G-d_1_3,G-d_1,LORD (both),358
GEN 10:9__Nimrod_1__Nimrod_1_1,GEN 10:9,Nimrod_1_1,Nimrod_1,,359
GEN 10:10__NA__NA,GEN 10:10,NA,NA,,360
GEN 10:11__NA__NA,GEN 10:11,NA,NA,,361
GEN 10:12__NA__NA,GEN 10:12,NA,NA,,362
GEN 10:13__Mizraim_1__Mizraim_1_1,GEN 10:13,Mizraim_1_1,Mizraim_1,,363
GEN 10:13__Lud_1__Lud_1_1,GEN 10:13,Lud_1_1,Lud_1,,364
GEN 10:13__Anam_1__Anam_1_1,GEN 10:13,Anam_1_1,Anam_1,,365
GEN 10:13__Lehab_1__Lehab_1_1,GEN 10:13,Lehab_1_1,Lehab_1,,366
GEN 10:13__Naphtuh_1__Naphtuh_1_1,GEN 10:13,Naphtuh_1_1,Naphtuh_1,,367
GEN 10:14__Pathrus_1__Pathrus_1_1,GEN 10:14,Pathrus_1_1,Pathrus_1,,368
GEN 10:14__Casluh_1__Casluh_1_1,GEN 10:14,Casluh_1_1,Casluh_1,,369
GEN 10:14__Caphtor_1__Caphtor_1_1,GEN 10:14,Caphtor_1_1,Caphtor_1,,370
GEN 10:15__Canaan_1__Canaan_1_1,GEN 10:15,Canaan_1_1,Canaan_1,,371
GEN 10:15__Sidon_1__Sidon_1_1,GEN 10:15,Sidon_1_1,Sidon_1,,372
GEN 10:15__Heth_1__Heth_1_1,GEN 10:15,Heth_1_1,Heth_1,,373
GEN 10:16__Jebus_1__Jebus_1_1,GEN 10:16,Jebus_1_1,Jebus_1,,374
GEN 10:16__Amor_1__Amor_1_1,GEN 10:16,Amor_1_1,Amor_1,,375
GEN 10:16__Girgash_1__Girgash_1_1,GEN 10:16,Girgash_1_1,Girgash_1,,376
GEN 10:17__Hivi_1__Hivi_1_1,GEN 10:17,Hivi_1_1,Hivi_1,,377
GEN 10:17__Ark_1__Ark_1_1,GEN 10:17,Ark_1_1,Ark_1,,378
GEN 10:17__Sini_1__Sini_1_1,GEN 10:17,Sini_1_1,Sini_1,,379
GEN 10:18__Arvad_1__Arvad_1_1,GEN 10:18,Arvad_1_1,Arvad_1,,380
GEN 10:18__Zemar_1__Zemar_1_1,GEN 10:18,Zemar_1_1,Zemar_1,,381
GEN 10:18__Hamath_1__Hamath_1_1,GEN 10:18,Hamath_1_1,Hamath_1,,382
GEN 10:19__NA__NA,GEN 10:19,NA,NA,,383
GEN 10:20__Ham_1__Ham_1_1,GEN 10:20,Ham_1_1,Ham_1,,384
GEN 10:21__Shem_1__Shem_1_1,GEN 10:21,Shem_1_1,Shem_1,,385
GEN 10:21__Eber_1__Eber_1_1,GEN 10:21,Eber_1_1,Eber_1,,386
GEN 10:21__Japheth_1__Japheth_1_1,GEN 10:21,Japheth_1_1,Japheth_1,,387
GEN 10:22__Shem_1__Shem_1_1,GEN 10:22,Shem_1_1,Shem_1,,388
GEN 10:22__Elam_1__Elam_1_1,GEN 10:22,Elam_1_1,Elam_1,,389
GEN 10:22__Asshur_1__Asshur_1_1,GEN 10:22,Asshur_1_1,Asshur_1,,390
GEN 10:22__Arpachshad_1__Arpachshad_1_1,GEN 10:22,Arpachshad_1_1,Arpachshad_1,,391
GEN 10:22__Lud_2__Lud_2_1,GEN 10:22,Lud_2_1,Lud_2,,392
GEN 10:22__Aram_1__Aram_1_1,GEN 10:22,Aram_1_1,Aram_1,,393
GEN 10:23__Aram_1__Aram_1_1,GEN 10:23,Aram_1_1,Aram_1,,394
GEN 10:23__Uz_1__Uz_1_1,GEN 10:23,Uz_1_1,Uz_1,,395
GEN 10:23__Hul_1__Hul_1_1,GEN 10:23,Hul_1_1,Hul_1,,396
GEN 10:23__Gether_1__Gether_1_1,GEN 10:23,Gether_1_1,Gether_1,,397
GEN 10:23__Mash_1__Mash_1_1,GEN 10:23,Mash_1_1,Mash_1,,398
GEN 10:24__Arpachshad_1__Arpachshad_1_1,GEN 10:24,Arpachshad_1_1,Arpachshad_1,,399
GEN 10:24__Shelah_1__Shelah_1_1,GEN 10:24,Shelah_1_1,Shelah_1,,400
GEN 10:24__Eber_1__Eber_1_1,GEN 10:24,Eber_1_1,Eber_1,,401
GEN 10:25__Eber_1__Eber_1_1,GEN 10:25,Eber_1_1,Eber_1,,402
GEN 10:25__Peleg_1__Peleg_1_1,GEN 10:25,Peleg_1_1,Peleg_1,,403
GEN 10:25__Joktan_1__Joktan_1_1,GEN 10:25,Joktan_1_1,Joktan_1,,404
GEN 10:26__Joktan_1__Joktan_1_1,GEN 10:26,Joktan_1_1,Joktan_1,,405
GEN 10:26__Almodad_1__Almodad_1_1,GEN 10:26,Almodad_1_1,Almodad_1,,406
GEN 10:26__Sheleph_1__Sheleph_1_1,GEN 10:26,Sheleph_1_1,Sheleph_1,,407
GEN 10:26__Hazarmaveth_1__Hazarmaveth_1_1,GEN 10:26,Hazarmaveth_1_1,Hazarmaveth_1,,408
GEN 10:26__Jerah_1__Jerah_1_1,GEN 10:26,Jerah_1_1,Jerah_1,,409
GEN 10:27__Hadoram_1__Hadoram_1_1,GEN 10:27,Hadoram_1_1,Hadoram_1,,410
GEN 10:27__Uzal_1__Uzal_1_1,GEN 10:27,Uzal_1_1,Uzal_1,,411
GEN 10:27__Diklah_1__Diklah_1_1,GEN 10:27,Diklah_1_1,Diklah_1,,412
GEN 10:28__Obal_1__Obal_1_1,GEN 10:28,Obal_1_1,Obal_1,,413
GEN 10:28__Abimael_1__Abimael_1_1,GEN 10:28,Abimael_1_1,Abimael_1,,414
GEN 10:28__Sheba_2__Sheba_2_1,GEN 10:28,Sheba_2_1,Sheba_2,,415
GEN 10:29__Ophir_1__Ophir_1_1,GEN 10:29,Ophir_1_1,Ophir_1,,416
GEN 10:29__Havilah_2__Havilah_2_1,GEN 10:29,Havilah_2_1,Havilah_2,,417
GEN 10:29__Jobab_1__Jobab_1_1,GEN 10:29,Jobab_1_1,Jobab_1,,418
GEN 10:29__Joktan_1__Joktan_1_1,GEN 10:29,Joktan_1_1,Joktan_1,,419
GEN 10:30__NA__NA,GEN 10:30,NA,NA,,420
GEN 10:31__Shem_1__Shem_1_1,GEN 10:31,Shem_1_1,Shem_1,,421
GEN 10:32__Noah_1__Noah_1_1,GEN 10:32,Noah_1_1,Noah_1,,422
GEN 11:1__NA__NA,GEN 11:1,NA,NA,,423
GEN 11:2__NA__NA,GEN 11:2,NA,NA,,424
GEN 11:3__NA__NA,GEN 11:3,NA,NA,,425
GEN 11:4__NA__NA,GEN 11:4,NA,NA,,426
GEN 11:5__G-d_1__G-d_1_3,GEN 11:5,G-d_1_3,G-d_1,LORD,427
GEN 11:6__G-d_1__G-d_1_3,GEN 11:6,G-d_1_3,G-d_1,LORD,428
GEN 11:7__NA__NA,GEN 11:7,NA,NA,,429
GEN 11:8__G-d_1__G-d_1_3,GEN 11:8,G-d_1_3,G-d_1,LORD,430
GEN 11:9__G-d_1__G-d_1_3,GEN 11:9,G-d_1_3,G-d_1,LORD (both),431
GEN 11:10__Shem_1__Shem_1_1,GEN 11:10,Shem_1_1,Shem_1,(both),432
GEN 11:10__Arpachshad_1__Arpachshad_1_1,GEN 11:10,Arpachshad_1_1,Arpachshad_1,,433
GEN 11:11__Shem_1__Shem_1_1,GEN 11:11,Shem_1_1,Shem_1,,434
GEN 11:11__Arpachshad_1__Arpachshad_1_1,GEN 11:11,Arpachshad_1_1,Arpachshad_1,,435
GEN 11:12__Arpachshad_1__Arpachshad_1_1,GEN 11:12,Arpachshad_1_1,Arpachshad_1,,436
GEN 11:12__Shelah_1__Shelah_1_1,GEN 11:12,Shelah_1_1,Shelah_1,,437
GEN 11:13__Arpachshad_1__Arpachshad_1_1,GEN 11:13,Arpachshad_1_1,Arpachshad_1,,438
GEN 11:13__Shelah_1__Shelah_1_1,GEN 11:13,Shelah_1_1,Shelah_1,,439
GEN 11:14__Shelah_1__Shelah_1_1,GEN 11:14,Shelah_1_1,Shelah_1,,440
GEN 11:14__Eber_1__Eber_1_1,GEN 11:14,Eber_1_1,Eber_1,,441
GEN 11:15__Shelah_1__Shelah_1_1,GEN 11:15,Shelah_1_1,Shelah_1,,442
GEN 11:15__Eber_1__Eber_1_1,GEN 11:15,Eber_1_1,Eber_1,,443
GEN 11:16__Eber_1__Eber_1_1,GEN 11:16,Eber_1_1,Eber_1,,444
GEN 11:16__Peleg_1__Peleg_1_1,GEN 11:16,Peleg_1_1,Peleg_1,,445
GEN 11:17__Eber_1__Eber_1_1,GEN 11:17,Eber_1_1,Eber_1,,446
GEN 11:17__Peleg_1__Peleg_1_1,GEN 11:17,Peleg_1_1,Peleg_1,,447
GEN 11:18__Peleg_1__Peleg_1_1,GEN 11:18,Peleg_1_1,Peleg_1,,448
GEN 11:18__Reu_1__Reu_1_1,GEN 11:18,Reu_1_1,Reu_1,,449
GEN 11:19__Peleg_1__Peleg_1_1,GEN 11:19,Peleg_1_1,Peleg_1,,450
GEN 11:19__Reu_1__Reu_1_1,GEN 11:19,Reu_1_1,Reu_1,,451
GEN 11:20__Reu_1__Reu_1_1,GEN 11:20,Reu_1_1,Reu_1,,452
GEN 11:20__Serug_1__Serug_1_1,GEN 11:20,Serug_1_1,Serug_1,,453
GEN 11:21__Reu_1__Reu_1_1,GEN 11:21,Reu_1_1,Reu_1,,454
GEN 11:21__Serug_1__Serug_1_1,GEN 11:21,Serug_1_1,Serug_1,,455
GEN 11:22__Serug_1__Serug_1_1,GEN 11:22,Serug_1_1,Serug_1,,456
GEN 11:22__Nahor_1__Nahor_1_1,GEN 11:22,Nahor_1_1,Nahor_1,,457
GEN 11:23__Serug_1__Serug_1_1,GEN 11:23,Serug_1_1,Serug_1,,458
GEN 11:23__Nahor_1__Nahor_1_1,GEN 11:23,Nahor_1_1,Nahor_1,,459
GEN 11:24__Nahor_1__Nahor_1_1,GEN 11:24,Nahor_1_1,Nahor_1,,460
GEN 11:24__Terah_1__Terah_1_1,GEN 11:24,Terah_1_1,Terah_1,,461
GEN 11:25__Nahor_1__Nahor_1_1,GEN 11:25,Nahor_1_1,Nahor_1,,462
GEN 11:25__Terah_1__Terah_1_1,GEN 11:25,Terah_1_1,Terah_1,,463
GEN 11:26__Terah_1__Terah_1_1,GEN 11:26,Terah_1_1,Terah_1,,464
GEN 11:26__Abram_1__Abram_1_1,GEN 11:26,Abram_1_1,Abram_1,,465
GEN 11:26__Nahor_2__Nahor_2_1,GEN 11:26,Nahor_2_1,Nahor_2,,466
GEN 11:26__Haran_1__Haran_1_1,GEN 11:26,Haran_1_1,Haran_1,,467
GEN 11:27__Terah_1__Terah_1_1,GEN 11:27,Terah_1_1,Terah_1,,468
GEN 11:27__Abram_1__Abram_1_1,GEN 11:27,Abram_1_1,Abram_1,,469
GEN 11:27__Nahor_2__Nahor_2_1,GEN 11:27,Nahor_2_1,Nahor_2,,470
GEN 11:27__Haran_1__Haran_1_1,GEN 11:27,Haran_1_1,Haran_1,,471
GEN 11:27__Lot_1__Lot_1_1,GEN 11:27,Lot_1_1,Lot_1,,472
GEN 11:28__Haran_1__Haran_1_1,GEN 11:28,Haran_1_1,Haran_1,,473
GEN 11:28__Terah_1__Terah_1_1,GEN 11:28,Terah_1_1,Terah_1,,474
GEN 11:29__Abram_1__Abram_1_1,GEN 11:29,Abram_1_1,Abram_1,(both),475
GEN 11:29__Nahor_2__Nahor_2_1,GEN 11:29,Nahor_2_1,Nahor_2,(both),476
GEN 11:29__Sarai_1__Sarai_1_1,GEN 11:29,Sarai_1_1,Sarai_1,,477
GEN 11:29__Milcah_1__Milcah_1_1,GEN 11:29,Milcah_1_1,Milcah_1,(both),478
GEN 11:29__Haran_1__Haran_1_1,GEN 11:29,Haran_1_1,Haran_1,,479
GEN 11:29__Iscah_1__Iscah_1_1,GEN 11:29,Iscah_1_1,Iscah_1,,480
GEN 11:30__Sarai_1__Sarai_1_1,GEN 11:30,Sarai_1_1,Sarai_1,,481
GEN 11:31__Terah_1__Terah_1_1,GEN 11:31,Terah_1_1,Terah_1,,482
GEN 11:31__Abram_1__Abram_1_1,GEN 11:31,Abram_1_1,Abram_1,,483
GEN 11:31__Lot_1__Lot_1_1,GEN 11:31,Lot_1_1,Lot_1,,484
GEN 11:31__Haran_1__Haran_1_1,GEN 11:31,Haran_1_1,Haran_1,,485
GEN 11:31__Sarai_1__Sarai_1_1,GEN 11:31,Sarai_1_1,Sarai_1,,486
GEN 11:32__Terah_1__Terah_1_1,GEN 11:32,Terah_1_1,Terah_1,(both),487
GEN 12:1__G-d_1__G-d_1_3,GEN 12:1,G-d_1_3,G-d_1,LORD,488
GEN 12:1__Abram_1__Abram_1_1,GEN 12:1,Abram_1_1,Abram_1,,489
GEN 12:2__NA__NA,GEN 12:2,NA,NA,,490
GEN 12:3__NA__NA,GEN 12:3,NA,NA,,491
GEN 12:4__Abram_1__Abram_1_1,GEN 12:4,Abram_1_1,Abram_1,(both),492
GEN 12:4__G-d_1__G-d_1_3,GEN 12:4,G-d_1_3,G-d_1,LORD,493
GEN 12:4__Lot_1__Lot_1_1,GEN 12:4,Lot_1_1,Lot_1,,494
GEN 12:5__Abram_1__Abram_1_1,GEN 12:5,Abram_1_1,Abram_1,,495
GEN 12:5__Sarai_1__Sarai_1_1,GEN 12:5,Sarai_1_1,Sarai_1,,496
GEN 12:5__Lot_1__Lot_1_1,GEN 12:5,Lot_1_1,Lot_1,,497
GEN 12:6__Abram_1__Abram_1_1,GEN 12:6,Abram_1_1,Abram_1,,498
GEN 12:7__G-d_1__G-d_1_3,GEN 12:7,G-d_1_3,G-d_1,LORD (both),499
GEN 12:7__Abram_1__Abram_1_1,GEN 12:7,Abram_1_1,Abram_1,,500
GEN 12:8__G-d_1__G-d_1_3,GEN 12:8,G-d_1_3,G-d_1,LORD (both),501
GEN 12:9__Abram_1__Abram_1_1,GEN 12:9,Abram_1_1,Abram_1,,502
GEN 12:10__Abram_1__Abram_1_1,GEN 12:10,Abram_1_1,Abram_1,,503
GEN 12:11__Sarai_1__Sarai_1_1,GEN 12:11,Sarai_1_1,Sarai_1,,504
GEN 12:12__NA__NA,GEN 12:12,NA,NA,,505
GEN 12:13__NA__NA,GEN 12:13,NA,NA,,506
GEN 12:14__Abram_1__Abram_1_1,GEN 12:14,Abram_1_1,Abram_1,,507
GEN 12:15__Pharaoh_1__Pharaoh_1_1,GEN 12:15,Pharaoh_1_1,Pharaoh_1,(all three),508
GEN 12:16__Abram_1__Abram_1_1,GEN 12:16,Abram_1_1,Abram_1,,509
GEN 12:17__G-d_1__G-d_1_3,GEN 12:17,G-d_1_3,G-d_1,LORD,510
GEN 12:17__Pharaoh_1__Pharaoh_1_1,GEN 12:17,Pharaoh_1_1,Pharaoh_1,,511
GEN 12:17__Sarai_1__Sarai_1_1,GEN 12:17,Sarai_1_1,Sarai_1,,512
GEN 12:17__Abram_1__Abram_1_1,GEN 12:17,Abram_1_1,Abram_1,,513
GEN 12:18__Pharaoh_1__Pharaoh_1_1,GEN 12:18,Pharaoh_1_1,Pharaoh_1,,514
GEN 12:18__Abram_1__Abram_1_1,GEN 12:18,Abram_1_1,Abram_1,,515
GEN 12:19__NA__NA,GEN 12:19,NA,NA,,516
GEN 12:20__Pharaoh_1__Pharaoh_1_1,GEN 12:20,Pharaoh_1_1,Pharaoh_1,,517
GEN 13:1__Abram_1__Abram_1_1,GEN 13:1,Abram_1_1,Abram_1,,518
GEN 13:1__Lot_1__Lot_1_1,GEN 13:1,Lot_1_1,Lot_1,,519
GEN 13:2__Abram_1__Abram_1_1,GEN 13:2,Abram_1_1,Abram_1,,520
GEN 13:3__NA__NA,GEN 13:3,NA,NA,,521
GEN 13:4__Abram_1__Abram_1_1,GEN 13:4,Abram_1_1,Abram_1,,522
GEN 13:4__G-d_1__G-d_1_3,GEN 13:4,G-d_1_3,G-d_1,LORD,523
GEN 13:5__Lot_1__Lot_1_1,GEN 13:5,Lot_1_1,Lot_1,,524
GEN 13:5__Abram_1__Abram_1_1,GEN 13:5,Abram_1_1,Abram_1,,525
GEN 13:6__NA__NA,GEN 13:6,NA,NA,,526
GEN 13:7__Abram_1__Abram_1_1,GEN 13:7,Abram_1_1,Abram_1,,527
GEN 13:7__Lot_1__Lot_1_1,GEN 13:7,Lot_1_1,Lot_1,,528
GEN 13:8__Abram_1__Abram_1_1,GEN 13:8,Abram_1_1,Abram_1,,529
GEN 13:8__Lot_1__Lot_1_1,GEN 13:8,Lot_1_1,Lot_1,,530
GEN 13:9__NA__NA,GEN 13:9,NA,NA,,531
GEN 13:10__Lot_1__Lot_1_1,GEN 13:10,Lot_1_1,Lot_1,,532
GEN 13:10__G-d_1__G-d_1_3,GEN 13:10,G-d_1_3,G-d_1,LORD,533
GEN 13:11__Lot_1__Lot_1_1,GEN 13:11,Lot_1_1,Lot_1,(both),534
GEN 13:12__Abram_1__Abram_1_1,GEN 13:12,Abram_1_1,Abram_1,,535
GEN 13:12__Lot_1__Lot_1_1,GEN 13:12,Lot_1_1,Lot_1,,536
GEN 13:13__G-d_1__G-d_1_3,GEN 13:13,G-d_1_3,G-d_1,LORD,537
GEN 13:14__G-d_1__G-d_1_3,GEN 13:14,G-d_1_3,G-d_1,LORD,538
GEN 13:14__Abram_1__Abram_1_1,GEN 13:14,Abram_1_1,Abram_1,,539
GEN 13:14__Lot_1__Lot_1_1,GEN 13:14,Lot_1_1,Lot_1,,540
GEN 13:15__NA__NA,GEN 13:15,NA,NA,,541
GEN 13:16__NA__NA,GEN 13:16,NA,NA,,542
GEN 13:17__NA__NA,GEN 13:17,NA,NA,,543
GEN 13:18__Abram_1__Abram_1_1,GEN 13:18,Abram_1_1,Abram_1,,544
GEN 13:18__G-d_1__G-d_1_3,GEN 13:18,G-d_1_3,G-d_1,LORD,545
GEN 14:1__Amraphel_1__Amraphel_1_1,GEN 14:1,Amraphel_1_1,Amraphel_1,,546
GEN 14:1__Amraphel_1__Amraphel_1_2,GEN 14:1,Amraphel_1_2,Amraphel_1,King of Shinar,547
GEN 14:1__Arioch_1__Arioch_1_1,GEN 14:1,Arioch_1_1,Arioch_1,,548
GEN 14:1__Arioch_1__Arioch_1_2,GEN 14:1,Arioch_1_2,Arioch_1,King of Ellasar,549
GEN 14:1__Chedorlaomer_1__Chedorlaomer_1_1,GEN 14:1,Chedorlaomer_1_1,Chedorlaomer_1,,550
GEN 14:1__Chedorlaomer_1__Chedorlaomer_1_2,GEN 14:1,Chedorlaomer_1_2,Chedorlaomer_1,King of Elam,551
GEN 14:1__Tidal_1__Tidal_1_1,GEN 14:1,Tidal_1_1,Tidal_1,,552
GEN 14:1__Tidal_1__Tidal_1_2,GEN 14:1,Tidal_1_2,Tidal_1,King of Goiim,553
GEN 14:2__Bera_1__Bera_1_1,GEN 14:2,Bera_1_1,Bera_1,,554
GEN 14:2__Bera_1__Bera_1_2,GEN 14:2,Bera_1_2,Bera_1,King of Sodom,555
GEN 14:2__Birsha_1__Birsha_1_1,GEN 14:2,Birsha_1_1,Birsha_1,,556
GEN 14:2__Birsha_1__Birsha_1_2,GEN 14:2,Birsha_1_2,Birsha_1,King of Gomorrah,557
GEN 14:2__Shinab_1__Shinab_1_1,GEN 14:2,Shinab_1_1,Shinab_1,,558
GEN 14:2__Shinab_1__Shinab_1_2,GEN 14:2,Shinab_1_2,Shinab_1,King of Admah,559
GEN 14:2__Shemeber_1__Shemeber_1_1,GEN 14:2,Shemeber_1_1,Shemeber_1,,560
GEN 14:2__Shemeber_1__Shemeber_1_2,GEN 14:2,Shemeber_1_2,Shemeber_1,King of Zeboiim,561
GEN 14:2__King of Bela_1__King of Bela_1_1,GEN 14:2,King of Bela_1_1,King of Bela_1,,562
GEN 14:2__King of Bela_1__King of Bela_1_2,GEN 14:2,King of Bela_1_2,King of Bela_1,King of Zoar,563
GEN 14:3__NA__NA,GEN 14:3,NA,NA,,564
GEN 14:4__Chedorlaomer_1__Chedorlaomer_1_1,GEN 14:4,Chedorlaomer_1_1,Chedorlaomer_1,,565
GEN 14:5__Chedorlaomer_1__Chedorlaomer_1_1,GEN 14:5,Chedorlaomer_1_1,Chedorlaomer_1,,566
GEN 14:6__NA__NA,GEN 14:6,NA,NA,,567
GEN 14:7__NA__NA,GEN 14:7,NA,NA,,568
GEN 14:8__Bera_1__Bera_1_2,GEN 14:8,Bera_1_2,Bera_1,King of Sodom,569
GEN 14:8__Birsha_1__Birsha_1_2,GEN 14:8,Birsha_1_2,Birsha_1,King of Gomorrah,570
GEN 14:8__Shinab_1__Shinab_1_2,GEN 14:8,Shinab_1_2,Shinab_1,King of Admah,571
GEN 14:8__Shemeber_1__Shemeber_1_2,GEN 14:8,Shemeber_1_2,Shemeber_1,King of Zeboiim,572
GEN 14:8__King of Bela_1__King of Bela_1_1,GEN 14:8,King of Bela_1_1,King of Bela_1,,573
GEN 14:8__King of Bela_1__King of Bela_1_2,GEN 14:8,King of Bela_1_2,King of Bela_1,King of Zoar,574
GEN 14:9__Chedorlaomer_1__Chedorlaomer_1_1,GEN 14:9,Chedorlaomer_1_1,Chedorlaomer_1,,575
GEN 14:9__Chedorlaomer_1__Chedorlaomer_1_2,GEN 14:9,Chedorlaomer_1_2,Chedorlaomer_1,King of Elam,576
GEN 14:9__Tidal_1__Tidal_1_1,GEN 14:9,Tidal_1_1,Tidal_1,,577
GEN 14:9__Tidal_1__Tidal_1_2,GEN 14:9,Tidal_1_2,Tidal_1,King of Goiim,578
GEN 14:9__Amraphel_1__Amraphel_1_1,GEN 14:9,Amraphel_1_1,Amraphel_1,,579
GEN 14:9__Amraphel_1__Amraphel_1_2,GEN 14:9,Amraphel_1_2,Amraphel_1,King of Shinar,580
GEN 14:9__Arioch_1__Arioch_1_1,GEN 14:9,Arioch_1_1,Arioch_1,,581
GEN 14:9__Arioch_1__Arioch_1_2,GEN 14:9,Arioch_1_2,Arioch_1,King of Ellasar,582
GEN 14:10__NA__NA,GEN 14:10,NA,NA,,583
GEN 14:11__NA__NA,GEN 14:11,NA,NA,,584
GEN 14:12__Lot_1__Lot_1_1,GEN 14:12,Lot_1_1,Lot_1,,585
GEN 14:12__Abram_1__Abram_1_1,GEN 14:12,Abram_1_1,Abram_1,,586
GEN 14:13__Abram_1__Abram_1_1,GEN 14:13,Abram_1_1,Abram_1,,587
GEN 14:13__Mamre_1__Mamre_1_1,GEN 14:13,Mamre_1_1,Mamre_1,,588
GEN 14:13__Eschol_1__Eschol_1_1,GEN 14:13,Eschol_1_1,Eschol_1,,589
GEN 14:13__Aner_1__Aner_1_1,GEN 14:13,Aner_1_1,Aner_1,,590
GEN 14:14__Abram_1__Abram_1_1,GEN 14:14,Abram_1_1,Abram_1,,591
GEN 14:15__NA__NA,GEN 14:15,NA,NA,,592
GEN 14:16__Lot_1__Lot_1_1,GEN 14:16,Lot_1_1,Lot_1,,593
GEN 14:17__Chedorlaomer_1__Chedorlaomer_1_1,GEN 14:17,Chedorlaomer_1_1,Chedorlaomer_1,,594
GEN 14:17__Bera_1__Bera_1_2,GEN 14:17,Bera_1_2,Bera_1,King of Sodom,595
GEN 14:18__Melchizedek_1__Melchizedek_1_1,GEN 14:18,Melchizedek_1_1,Melchizedek_1,,596
GEN 14:18__Melchizedek_1__Melchizedek_1_2,GEN 14:18,Melchizedek_1_2,Melchizedek_1,King of Salem,597
GEN 14:18__G-d_1__G-d_1_5,GEN 14:18,G-d_1_5,G-d_1,G-d Most High,598
GEN 14:18__Melchizedek_1__Melchizedek_1_3,GEN 14:18,Melchizedek_1_3,Melchizedek_1,priest of G-d Most High,599
GEN 14:19__Abram_1__Abram_1_1,GEN 14:19,Abram_1_1,Abram_1,,600
GEN 14:19__G-d_1__G-d_1_5,GEN 14:19,G-d_1_5,G-d_1,G-d Most High,601
GEN 14:19__G-d_1__G-d_1_6,GEN 14:19,G-d_1_6,G-d_1,posessor of heaven and earth,602
GEN 14:20__G-d_1__G-d_1_5,GEN 14:20,G-d_1_5,G-d_1,G-d Most High,603
GEN 14:21__Bera_1__Bera_1_2,GEN 14:21,Bera_1_2,Bera_1,King of Sodom,604
GEN 14:21__Abram_1__Abram_1_1,GEN 14:21,Abram_1_1,Abram_1,,605
GEN 14:22__Abram_1__Abram_1_1,GEN 14:22,Abram_1_1,Abram_1,,606
GEN 14:22__Bera_1__Bera_1_2,GEN 14:22,Bera_1_2,Bera_1,King of Sodom,607
GEN 14:22__G-d_1__G-d_1_3,GEN 14:22,G-d_1_3,G-d_1,LORD,608
GEN 14:22__G-d_1__G-d_1_5,GEN 14:22,G-d_1_5,G-d_1,G-d Most High,609
GEN 14:22__G-d_1__G-d_1_6,GEN 14:22,G-d_1_6,G-d_1,posessor of heaven and earth,610
GEN 14:23__Abram_1__Abram_1_1,GEN 14:23,Abram_1_1,Abram_1,,611
GEN 14:24__Aner_1__Aner_1_1,GEN 14:24,Aner_1_1,Aner_1,,612
GEN 14:24__Eschol_1__Eschol_1_1,GEN 14:24,Eschol_1_1,Eschol_1,,613
GEN 14:24__Mamre_1__Mamre_1_1,GEN 14:24,Mamre_1_1,Mamre_1,,614
GEN 15:1__G-d_1__G-d_1_3,GEN 15:1,G-d_1_3,G-d_1,LORD,615
GEN 15:1__Abram_1__Abram_1_1,GEN 15:1,Abram_1_1,Abram_1,(both),616
GEN 15:2__Abram_1__Abram_1_1,GEN 15:2,Abram_1_1,Abram_1,,617
GEN 15:2__G-d_1__G-d_1_7,GEN 15:2,G-d_1_7,G-d_1,Lord G-d,618
GEN 15:2__Eliezer_1__Eliezer_1_1,GEN 15:2,Eliezer_1_1,Eliezer_1,,619
GEN 15:3__Abram_1__Abram_1_1,GEN 15:3,Abram_1_1,Abram_1,,620
GEN 15:4__G-d_1__G-d_1_3,GEN 15:4,G-d_1_3,G-d_1,LORD,621
GEN 15:5__NA__NA,GEN 15:5,NA,NA,,622
GEN 15:6__G-d_1__G-d_1_3,GEN 15:6,G-d_1_3,G-d_1,LORD,623
GEN 15:7__G-d_1__G-d_1_3,GEN 15:7,G-d_1_3,G-d_1,LORD,624
GEN 15:8__G-d_1__G-d_1_7,GEN 15:8,G-d_1_7,G-d_1,Lord G-d,625
GEN 15:9__NA__NA,GEN 15:9,NA,NA,,626
GEN 15:10__NA__NA,GEN 15:10,NA,NA,,627
GEN 15:11__Abram_1__Abram_1_1,GEN 15:11,Abram_1_1,Abram_1,,628
GEN 15:12__Abram_1__Abram_1_1,GEN 15:12,Abram_1_1,Abram_1,,629
GEN 15:13__Abram_1__Abram_1_1,GEN 15:13,Abram_1_1,Abram_1,,630
GEN 15:14__NA__NA,GEN 15:14,NA,NA,,631
GEN 15:15__NA__NA,GEN 15:15,NA,NA,,632
GEN 15:16__NA__NA,GEN 15:16,NA,NA,,633
GEN 15:17__NA__NA,GEN 15:17,NA,NA,,634
GEN 15:18__G-d_1__G-d_1_3,GEN 15:18,G-d_1_3,G-d_1,LORD,635
GEN 15:18__Abram_1__Abram_1_1,GEN 15:18,Abram_1_1,Abram_1,,636
GEN 15:19__NA__NA,GEN 15:19,NA,NA,,637
GEN 15:20__NA__NA,GEN 15:20,NA,NA,,638
GEN 15:21__NA__NA,GEN 15:21,NA,NA,,639
GEN 16:1__Sarai_1__Sarai_1_1,GEN 16:1,Sarai_1_1,Sarai_1,,640
GEN 16:1__Abram_1__Abram_1_1,GEN 16:1,Abram_1_1,Abram_1,,641
GEN 16:1__Hagar_1__Hagar_1_1,GEN 16:1,Hagar_1_1,Hagar_1,,642
GEN 16:2__Sarai_1__Sarai_1_1,GEN 16:2,Sarai_1_1,Sarai_1,(both),643
GEN 16:2__Abram_1__Abram_1_1,GEN 16:2,Abram_1_1,Abram_1,(both),644
GEN 16:2__G-d_1__G-d_1_3,GEN 16:2,G-d_1_3,G-d_1,LORD,645
GEN 16:3__Abram_1__Abram_1_1,GEN 16:3,Abram_1_1,Abram_1,(all three),646
GEN 16:3__Sarai_1__Sarai_1_1,GEN 16:3,Sarai_1_1,Sarai_1,,647
GEN 16:3__Hagar_1__Hagar_1_1,GEN 16:3,Hagar_1_1,Hagar_1,,648
GEN 16:4__Hagar_1__Hagar_1_1,GEN 16:4,Hagar_1_1,Hagar_1,,649
GEN 16:5__Sarai_1__Sarai_1_1,GEN 16:5,Sarai_1_1,Sarai_1,,650
GEN 16:5__Abram_1__Abram_1_1,GEN 16:5,Abram_1_1,Abram_1,,651
GEN 16:5__G-d_1__G-d_1_3,GEN 16:5,G-d_1_3,G-d_1,LORD,652
GEN 16:6__Abram_1__Abram_1_1,GEN 16:6,Abram_1_1,Abram_1,,653
GEN 16:6__Sarai_1__Sarai_1_1,GEN 16:6,Sarai_1_1,Sarai_1,(both),654
GEN 16:7__the angel of the LORD_1__the angel of the LORD_1_1,GEN 16:7,the angel of the LORD_1_1,the angel of the LORD_1,,655
GEN 16:8__Hagar_1__Hagar_1_1,GEN 16:8,Hagar_1_1,Hagar_1,,656
GEN 16:8__Sarai_1__Sarai_1_1,GEN 16:8,Sarai_1_1,Sarai_1,(both),657
GEN 16:9__the angel of the LORD_1__the angel of the LORD_1_1,GEN 16:9,the angel of the LORD_1_1,the angel of the LORD_1,,658
GEN 16:10__the angel of the LORD_1__the angel of the LORD_1_1,GEN 16:10,the angel of the LORD_1_1,the angel of the LORD_1,,659
GEN 16:11__the angel of the LORD_1__the angel of the LORD_1_1,GEN 16:11,the angel of the LORD_1_1,the angel of the LORD_1,,660
GEN 16:11__Ishmael_1__Ishmael_1_1,GEN 16:11,Ishmael_1_1,Ishmael_1,,661
GEN 16:12__NA__NA,GEN 16:12,NA,NA,,662
GEN 16:13__G-d_1__G-d_1_3,GEN 16:13,G-d_1_3,G-d_1,LORD,663
GEN 16:13__G-d_1__G-d_1_8,GEN 16:13,G-d_1_8,G-d_1,G-d Who Sees,664
GEN 16:14__NA__NA,GEN 16:14,NA,NA,,665
GEN 16:15__Hagar_1__Hagar_1_1,GEN 16:15,Hagar_1_1,Hagar_1,(both),666
GEN 16:15__Abram_1__Abram_1_1,GEN 16:15,Abram_1_1,Abram_1,(both),667
GEN 16:15__Ishmael_1__Ishmael_1_1,GEN 16:15,Ishmael_1_1,Ishmael_1,,668
GEN 16:16__Abram_1__Abram_1_1,GEN 16:16,Abram_1_1,Abram_1,,669
GEN 16:16__Hagar_1__Hagar_1_1,GEN 16:16,Hagar_1_1,Hagar_1,,670
GEN 16:16__Ishmael_1__Ishmael_1_1,GEN 16:16,Ishmael_1_1,Ishmael_1,,671
GEN 17:1__Abram_1__Abram_1_1,GEN 17:1,Abram_1_1,Abram_1,,672
GEN 17:1__G-d_1__G-d_1_3,GEN 17:1,G-d_1_3,G-d_1,LORD,673
GEN 17:1__G-d_1__G-d_1_9,GEN 17:1,G-d_1_9,G-d_1,G-d Almighty,674
GEN 17:2__NA__NA,GEN 17:2,NA,NA,,675
GEN 17:3__Abram_1__Abram_1_1,GEN 17:3,Abram_1_1,Abram_1,,676
GEN 17:3__G-d_1__G-d_1_1,GEN 17:3,G-d_1_1,G-d_1,,677
GEN 17:4__NA__NA,GEN 17:4,NA,NA,,678
GEN 17:5__Abram_1__Abram_1_1,GEN 17:5,Abram_1_1,Abram_1,,679
GEN 17:5__Abram_1__Abram_1_2,GEN 17:5,Abram_1_2,Abram_1,Abraham,680
GEN 17:6__NA__NA,GEN 17:6,NA,NA,,681
GEN 17:7__G-d_1__G-d_1_1,GEN 17:7,G-d_1_1,G-d_1,,682
GEN 17:8__G-d_1__G-d_1_1,GEN 17:8,G-d_1_1,G-d_1,,683
GEN 17:9__G-d_1__G-d_1_1,GEN 17:9,G-d_1_1,G-d_1,,684
GEN 17:9__Abram_1__Abram_1_2,GEN 17:9,Abram_1_2,Abram_1,Abraham,685
GEN 17:10__NA__NA,GEN 17:10,NA,NA,,686
GEN 17:11__NA__NA,GEN 17:11,NA,NA,,687
GEN 17:12__NA__NA,GEN 17:12,NA,NA,,688
GEN 17:13__NA__NA,GEN 17:13,NA,NA,,689
GEN 17:14__NA__NA,GEN 17:14,NA,NA,,690
GEN 17:15__G-d_1__G-d_1_1,GEN 17:15,G-d_1_1,G-d_1,,691
GEN 17:15__Abram_1__Abram_1_2,GEN 17:15,Abram_1_2,Abram_1,Abraham,692
GEN 17:15__Sarai_1__Sarai_1_1,GEN 17:15,Sarai_1_1,Sarai_1,(both),693
GEN 17:15__Sarai_1__Sarai_1_2,GEN 17:15,Sarai_1_2,Sarai_1,Sarah,694
GEN 17:16__NA__NA,GEN 17:16,NA,NA,,695
GEN 17:17__Abram_1__Abram_1_2,GEN 17:17,Abram_1_2,Abram_1,Abraham,696
GEN 17:17__Sarai_1__Sarai_1_2,GEN 17:17,Sarai_1_2,Sarai_1,Sarah,697
GEN 17:18__Abram_1__Abram_1_2,GEN 17:18,Abram_1_2,Abram_1,Abraham,698
GEN 17:18__G-d_1__G-d_1_1,GEN 17:18,G-d_1_1,G-d_1,,699
GEN 17:18__Ishmael_1__Ishmael_1_1,GEN 17:18,Ishmael_1_1,Ishmael_1,,700
GEN 17:19__G-d_1__G-d_1_1,GEN 17:19,G-d_1_1,G-d_1,,701
GEN 17:19__Sarai_1__Sarai_1_2,GEN 17:19,Sarai_1_2,Sarai_1,Sarah,702
GEN 17:19__Isaac_1__Isaac_1_1,GEN 17:19,Isaac_1_1,Isaac_1,,703
GEN 17:20__Ishmael_1__Ishmael_1_1,GEN 17:20,Ishmael_1_1,Ishmael_1,,704
GEN 17:21__Isaac_1__Isaac_1_1,GEN 17:21,Isaac_1_1,Isaac_1,,705
GEN 17:21__Sarai_1__Sarai_1_2,GEN 17:21,Sarai_1_2,Sarai_1,Sarah,706
GEN 17:22__G-d_1__G-d_1_1,GEN 17:22,G-d_1_1,G-d_1,,707
GEN 17:22__Abram_1__Abram_1_2,GEN 17:22,Abram_1_2,Abram_1,Abraham,708
GEN 17:23__Abram_1__Abram_1_2,GEN 17:23,Abram_1_2,Abram_1,Abraham (both),709
GEN 17:23__Ishmael_1__Ishmael_1_1,GEN 17:23,Ishmael_1_1,Ishmael_1,,710
GEN 17:23__G-d_1__G-d_1_1,GEN 17:23,G-d_1_1,G-d_1,,711
GEN 17:24__Abram_1__Abram_1_2,GEN 17:24,Abram_1_2,Abram_1,Abraham,712
GEN 17:25__Ishmael_1__Ishmael_1_1,GEN 17:25,Ishmael_1_1,Ishmael_1,,713
GEN 17:26__Abram_1__Abram_1_2,GEN 17:26,Abram_1_2,Abram_1,Abraham,714
GEN 17:26__Ishmael_1__Ishmael_1_1,GEN 17:26,Ishmael_1_1,Ishmael_1,,715
GEN 17:27__NA__NA,GEN 17:27,NA,NA,,716
GEN 18:1__G-d_1__G-d_1_3,GEN 18:1,G-d_1_3,G-d_1,LORD,717
GEN 18:2__NA__NA,GEN 18:2,NA,NA,,718
GEN 18:3__NA__NA,GEN 18:3,NA,NA,,719
GEN 18:4__NA__NA,GEN 18:4,NA,NA,,720
GEN 18:5__NA__NA,GEN 18:5,NA,NA,,721
GEN 18:6__Abram_1__Abram_1_2,GEN 18:6,Abram_1_2,Abram_1,Abraham,722
GEN 18:6__Sarai_1__Sarai_1_2,GEN 18:6,Sarai_1_2,Sarai_1,Sarah,723
GEN 18:7__Abram_1__Abram_1_2,GEN 18:7,Abram_1_2,Abram_1,Abraham,724
GEN 18:8__NA__NA,GEN 18:8,NA,NA,,725
GEN 18:9__Sarai_1__Sarai_1_2,GEN 18:9,Sarai_1_2,Sarai_1,Sarah,726
GEN 18:10__Sarai_1__Sarai_1_2,GEN 18:10,Sarai_1_2,Sarai_1,Sarah (both),727
GEN 18:11__Abram_1__Abram_1_2,GEN 18:11,Abram_1_2,Abram_1,Abraham,728
GEN 18:11__Sarai_1__Sarai_1_2,GEN 18:11,Sarai_1_2,Sarai_1,Sarah (both),729
GEN 18:12__Sarai_1__Sarai_1_2,GEN 18:12,Sarai_1_2,Sarai_1,Sarah,730
GEN 18:13__G-d_1__G-d_1_3,GEN 18:13,G-d_1_3,G-d_1,LORD,731
GEN 18:13__Abram_1__Abram_1_2,GEN 18:13,Abram_1_2,Abram_1,Abraham,732
GEN 18:13__Sarai_1__Sarai_1_2,GEN 18:13,Sarai_1_2,Sarai_1,Sarah,733
GEN 18:14__G-d_1__G-d_1_3,GEN 18:14,G-d_1_3,G-d_1,LORD,734
GEN 18:14__Sarai_1__Sarai_1_2,GEN 18:14,Sarai_1_2,Sarai_1,Sarah,735
GEN 18:15__Sarai_1__Sarai_1_2,GEN 18:15,Sarai_1_2,Sarai_1,Sarah,736
GEN 18:16__Abram_1__Abram_1_2,GEN 18:16,Abram_1_2,Abram_1,Abraham,737
GEN 18:17__G-d_1__G-d_1_3,GEN 18:17,G-d_1_3,G-d_1,LORD,738
GEN 18:17__Abram_1__Abram_1_2,GEN 18:17,Abram_1_2,Abram_1,Abraham,739
GEN 18:18__Abram_1__Abram_1_2,GEN 18:18,Abram_1_2,Abram_1,Abraham,740
GEN 18:19__G-d_1__G-d_1_3,GEN 18:19,G-d_1_3,G-d_1,LORD (both),741
GEN 18:19__Abram_1__Abram_1_2,GEN 18:19,Abram_1_2,Abram_1,Abraham,742
GEN 18:20__G-d_1__G-d_1_3,GEN 18:20,G-d_1_3,G-d_1,LORD,743
GEN 18:21__NA__NA,GEN 18:21,NA,NA,,744
GEN 18:22__Abram_1__Abram_1_2,GEN 18:22,Abram_1_2,Abram_1,Abraham,745
GEN 18:22__G-d_1__G-d_1_3,GEN 18:22,G-d_1_3,G-d_1,LORD,746
GEN 18:23__Abram_1__Abram_1_2,GEN 18:23,Abram_1_2,Abram_1,Abraham,747
GEN 18:24__NA__NA,GEN 18:24,NA,NA,,748
GEN 18:25__G-d_1__G-d_1_10,GEN 18:25,G-d_1_10,G-d_1,Judge of all the earth,749
GEN 18:26__G-d_1__G-d_1_3,GEN 18:26,G-d_1_3,G-d_1,LORD,750
GEN 18:27__Abram_1__Abram_1_2,GEN 18:27,Abram_1_2,Abram_1,Abraham,751
GEN 18:27__G-d_1__G-d_1_3,GEN 18:27,G-d_1_3,G-d_1,LORD,752
GEN 18:28__NA__NA,GEN 18:28,NA,NA,,753
GEN 18:29__NA__NA,GEN 18:29,NA,NA,,754
GEN 18:30__G-d_1__G-d_1_11,GEN 18:30,G-d_1_11,G-d_1,Lord,755
GEN 18:31__G-d_1__G-d_1_11,GEN 18:31,G-d_1_11,G-d_1,Lord,756
GEN 18:32__G-d_1__G-d_1_11,GEN 18:32,G-d_1_11,G-d_1,Lord,757
GEN 18:33__Abram_1__Abram_1_2,GEN 18:33,Abram_1_2,Abram_1,Abraham (both),758
GEN 18:33__G-d_1__G-d_1_3,GEN 18:33,G-d_1_3,G-d_1,LORD,759
GEN 19:1__Lot_1__Lot_1_1,GEN 19:1,Lot_1_1,Lot_1,(both),760
GEN 19:2__NA__NA,GEN 19:2,NA,NA,,761
GEN 19:3__NA__NA,GEN 19:3,NA,NA,,762
GEN 19:4__NA__NA,GEN 19:4,NA,NA,,763
GEN 19:5__Lot_1__Lot_1_1,GEN 19:5,Lot_1_1,Lot_1,,764
GEN 19:6__Lot_1__Lot_1_1,GEN 19:6,Lot_1_1,Lot_1,,765
GEN 19:7__NA__NA,GEN 19:7,NA,NA,,766
GEN 19:8__NA__NA,GEN 19:8,NA,NA,,767
GEN 19:9__Lot_1__Lot_1_1,GEN 19:9,Lot_1_1,Lot_1,,768
GEN 19:10__NA__NA,GEN 19:10,NA,NA,,769
GEN 19:11__NA__NA,GEN 19:11,NA,NA,,770
GEN 19:12__Lot_1__Lot_1_1,GEN 19:12,Lot_1_1,Lot_1,,771
GEN 19:13__G-d_1__G-d_1_3,GEN 19:13,G-d_1_3,G-d_1,LORD (both),772
GEN 19:14__Lot_1__Lot_1_1,GEN 19:14,Lot_1_1,Lot_1,,773
GEN 19:14__G-d_1__G-d_1_3,GEN 19:14,G-d_1_3,G-d_1,LORD,774
GEN 19:15__Lot_1__Lot_1_1,GEN 19:15,Lot_1_1,Lot_1,,775
GEN 19:16__G-d_1__G-d_1_3,GEN 19:16,G-d_1_3,G-d_1,LORD,776
GEN 19:17__NA__NA,GEN 19:17,NA,NA,,777
GEN 19:18__Lot_1__Lot_1_1,GEN 19:18,Lot_1_1,Lot_1,,778
GEN 19:19__NA__NA,GEN 19:19,NA,NA,,779
GEN 19:20__NA__NA,GEN 19:20,NA,NA,,780
GEN 19:21__NA__NA,GEN 19:21,NA,NA,,781
GEN 19:22__NA__NA,GEN 19:22,NA,NA,,782
GEN 19:23__Lot_1__Lot_1_1,GEN 19:23,Lot_1_1,Lot_1,,783
GEN 19:24__G-d_1__G-d_1_3,GEN 19:24,G-d_1_3,G-d_1,LORD (both),784
GEN 19:25__NA__NA,GEN 19:25,NA,NA,,785
GEN 19:26__Wife of Lot_1__Wife of Lot_1_1,GEN 19:26,Wife of Lot_1_1,Wife of Lot_1,,786
GEN 19:27__Abram_1__Abram_1_2,GEN 19:27,Abram_1_2,Abram_1,Abraham,787
GEN 19:27__G-d_1__G-d_1_3,GEN 19:27,G-d_1_3,G-d_1,LORD,788
GEN 19:28__NA__NA,GEN 19:28,NA,NA,,789
GEN 19:29__G-d_1__G-d_1_1,GEN 19:29,G-d_1_1,G-d_1,(both),790
GEN 19:29__Abram_1__Abram_1_2,GEN 19:29,Abram_1_2,Abram_1,Abraham,791
GEN 19:29__Lot_1__Lot_1_1,GEN 19:29,Lot_1_1,Lot_1,(both),792
GEN 19:30__Lot_1__Lot_1_1,GEN 19:30,Lot_1_1,Lot_1,,793
GEN 19:31__Firstborn of Lot_1__Firstborn of Lot_1_1,GEN 19:31,Firstborn of Lot_1_1,Firstborn of Lot_1,,794
GEN 19:31__Younger of Lot_1__Younger of Lot_1_1,GEN 19:31,Younger of Lot_1_1,Younger of Lot_1,,795
GEN 19:32__NA__NA,GEN 19:32,NA,NA,,796
GEN 19:33__Firstborn of Lot_1__Firstborn of Lot_1_1,GEN 19:33,Firstborn of Lot_1_1,Firstborn of Lot_1,,797
GEN 19:34__Firstborn of Lot_1__Firstborn of Lot_1_1,GEN 19:34,Firstborn of Lot_1_1,Firstborn of Lot_1,,798
GEN 19:34__Younger of Lot_1__Younger of Lot_1_1,GEN 19:34,Younger of Lot_1_1,Younger of Lot_1,,799
GEN 19:35__Younger of Lot_1__Younger of Lot_1_1,GEN 19:35,Younger of Lot_1_1,Younger of Lot_1,,800
GEN 19:36__Lot_1__Lot_1_1,GEN 19:36,Lot_1_1,Lot_1,,801
GEN 19:37__Firstborn of Lot_1__Firstborn of Lot_1_1,GEN 19:37,Firstborn of Lot_1_1,Firstborn of Lot_1,,802
GEN 19:37__Moab_1__Moab_1_1,GEN 19:37,Moab_1_1,Moab_1,,803
GEN 19:38__Younger of Lot_1__Younger of Lot_1_1,GEN 19:38,Younger of Lot_1_1,Younger of Lot_1,,804
GEN 19:38__Ben-ammi_1__Ben-ammi_1_1,GEN 19:38,Ben-ammi_1_1,Ben-ammi_1,,805
GEN 19:38__Ben-ammi_1__Ben-ammi_1_2,GEN 19:38,Ben-ammi_1_2,Ben-ammi_1,Ammon,806
GEN 20:1__Abram_1__Abram_1_2,GEN 20:1,Abram_1_2,Abram_1,Abraham,807
GEN 20:2__Abram_1__Abram_1_2,GEN 20:2,Abram_1_2,Abram_1,Abraham,808
GEN 20:2__Sarai_1__Sarai_1_2,GEN 20:2,Sarai_1_2,Sarai_1,Sarah,809
GEN 20:2__Abimelech_1__Abimelech_1_1,GEN 20:2,Abimelech_1_1,Abimelech_1,,810
GEN 20:2__Abimelech_1__Abimelech_1_2,GEN 20:2,Abimelech_1_2,Abimelech_1,King of Gerar,811
GEN 20:3__G-d_1__G-d_1_1,GEN 20:3,G-d_1_1,G-d_1,,812
GEN 20:3__Abimelech_1__Abimelech_1_1,GEN 20:3,Abimelech_1_1,Abimelech_1,,813
GEN 20:4__Abimelech_1__Abimelech_1_1,GEN 20:4,Abimelech_1_1,Abimelech_1,,814
GEN 20:4__G-d_1__G-d_1_11,GEN 20:4,G-d_1_11,G-d_1,Lord,815
GEN 20:5__NA__NA,GEN 20:5,NA,NA,,816
GEN 20:6__G-d_1__G-d_1_1,GEN 20:6,G-d_1_1,G-d_1,,817
GEN 20:7__NA__NA,GEN 20:7,NA,NA,,818
GEN 20:8__Abimelech_1__Abimelech_1_1,GEN 20:8,Abimelech_1_1,Abimelech_1,,819
GEN 20:9__Abimelech_1__Abimelech_1_1,GEN 20:9,Abimelech_1_1,Abimelech_1,,820
GEN 20:9__Abram_1__Abram_1_2,GEN 20:9,Abram_1_2,Abram_1,Abraham,821
GEN 20:10__Abimelech_1__Abimelech_1_1,GEN 20:10,Abimelech_1_1,Abimelech_1,,822
GEN 20:10__Abram_1__Abram_1_2,GEN 20:10,Abram_1_2,Abram_1,Abraham,823
GEN 20:11__Abram_1__Abram_1_2,GEN 20:11,Abram_1_2,Abram_1,Abraham,824
GEN 20:11__G-d_1__G-d_1_1,GEN 20:11,G-d_1_1,G-d_1,,825
GEN 20:12__NA__NA,GEN 20:12,NA,NA,,826
GEN 20:13__G-d_1__G-d_1_1,GEN 20:13,G-d_1_1,G-d_1,,827
GEN 20:14__Abimelech_1__Abimelech_1_1,GEN 20:14,Abimelech_1_1,Abimelech_1,,828
GEN 20:14__Abram_1__Abram_1_2,GEN 20:14,Abram_1_2,Abram_1,Abraham,829
GEN 20:14__Sarai_1__Sarai_1_2,GEN 20:14,Sarai_1_2,Sarai_1,Sarah,830
GEN 20:15__Abimelech_1__Abimelech_1_1,GEN 20:15,Abimelech_1_1,Abimelech_1,,831
GEN 20:16__Sarai_1__Sarai_1_2,GEN 20:16,Sarai_1_2,Sarai_1,Sarah,832
GEN 20:17__Abram_1__Abram_1_2,GEN 20:17,Abram_1_2,Abram_1,Abraham,833
GEN 20:17__G-d_1__G-d_1_1,GEN 20:17,G-d_1_1,G-d_1,(both),834
GEN 20:17__Abimelech_1__Abimelech_1_1,GEN 20:17,Abimelech_1_1,Abimelech_1,,835
GEN 20:18__G-d_1__G-d_1_3,GEN 20:18,G-d_1_3,G-d_1,LORD,836
GEN 20:18__Abimelech_1__Abimelech_1_1,GEN 20:18,Abimelech_1_1,Abimelech_1,,837
GEN 20:18__Sarai_1__Sarai_1_2,GEN 20:18,Sarai_1_2,Sarai_1,Sarah,838
GEN 20:18__Abram_1__Abram_1_2,GEN 20:18,Abram_1_2,Abram_1,Abraham,839
GEN 21:1__G-d_1__G-d_1_3,GEN 21:1,G-d_1_3,G-d_1,LORD (both),840
GEN 21:1__Sarai_1__Sarai_1_2,GEN 21:1,Sarai_1_2,Sarai_1,Sarah (both),841
GEN 21:2__Sarai_1__Sarai_1_2,GEN 21:2,Sarai_1_2,Sarai_1,Sarah,842
GEN 21:2__Abram_1__Abram_1_2,GEN 21:2,Abram_1_2,Abram_1,Abraham,843
GEN 21:2__G-d_1__G-d_1_1,GEN 21:2,G-d_1_1,G-d_1,,844
GEN 21:3__Abram_1__Abram_1_2,GEN 21:3,Abram_1_2,Abram_1,Abraham,845
GEN 21:3__Sarai_1__Sarai_1_2,GEN 21:3,Sarai_1_2,Sarai_1,Sarah,846
GEN 21:3__Isaac_1__Isaac_1_1,GEN 21:3,Isaac_1_1,Isaac_1,,847
GEN 21:4__Abram_1__Abram_1_2,GEN 21:4,Abram_1_2,Abram_1,Abraham,848
GEN 21:4__Isaac_1__Isaac_1_1,GEN 21:4,Isaac_1_1,Isaac_1,,849
GEN 21:4__G-d_1__G-d_1_1,GEN 21:4,G-d_1_1,G-d_1,,850
GEN 21:5__Abram_1__Abram_1_2,GEN 21:5,Abram_1_2,Abram_1,Abraham,851
GEN 21:5__Isaac_1__Isaac_1_1,GEN 21:5,Isaac_1_1,Isaac_1,,852
GEN 21:6__Sarai_1__Sarai_1_2,GEN 21:6,Sarai_1_2,Sarai_1,Sarah,853
GEN 21:6__G-d_1__G-d_1_1,GEN 21:6,G-d_1_1,G-d_1,,854
GEN 21:7__Abram_1__Abram_1_2,GEN 21:7,Abram_1_2,Abram_1,Abraham,855
GEN 21:7__Sarai_1__Sarai_1_2,GEN 21:7,Sarai_1_2,Sarai_1,Sarah,856
GEN 21:8__Abram_1__Abram_1_2,GEN 21:8,Abram_1_2,Abram_1,Abraham,857
GEN 21:8__Isaac_1__Isaac_1_1,GEN 21:8,Isaac_1_1,Isaac_1,,858
GEN 21:9__Sarai_1__Sarai_1_2,GEN 21:9,Sarai_1_2,Sarai_1,Sarah,859
GEN 21:9__Hagar_1__Hagar_1_1,GEN 21:9,Hagar_1_1,Hagar_1,,860
GEN 21:9__Abram_1__Abram_1_2,GEN 21:9,Abram_1_2,Abram_1,Abraham,861
GEN 21:10__Abram_1__Abram_1_2,GEN 21:10,Abram_1_2,Abram_1,Abraham,862
GEN 21:10__Isaac_1__Isaac_1_1,GEN 21:10,Isaac_1_1,Isaac_1,,863
GEN 21:11__Abram_1__Abram_1_2,GEN 21:11,Abram_1_2,Abram_1,Abraham,864
GEN 21:12__G-d_1__G-d_1_1,GEN 21:12,G-d_1_1,G-d_1,,865
GEN 21:12__Abram_1__Abram_1_2,GEN 21:12,Abram_1_2,Abram_1,Abraham,866
GEN 21:12__Sarai_1__Sarai_1_2,GEN 21:12,Sarai_1_2,Sarai_1,Sarah,867
GEN 21:12__Isaac_1__Isaac_1_1,GEN 21:12,Isaac_1_1,Isaac_1,,868
GEN 21:13__NA__NA,GEN 21:13,NA,NA,,869
GEN 21:14__Abram_1__Abram_1_2,GEN 21:14,Abram_1_2,Abram_1,Abraham,870
GEN 21:14__Hagar_1__Hagar_1_1,GEN 21:14,Hagar_1_1,Hagar_1,,871
GEN 21:15__NA__NA,GEN 21:15,NA,NA,,872
GEN 21:16__NA__NA,GEN 21:16,NA,NA,,873
GEN 21:17__G-d_1__G-d_1_1,GEN 21:17,G-d_1_1,G-d_1,(both),874
GEN 21:17__the angel of the LORD_1__the angel of the LORD_1_2,GEN 21:17,the angel of the LORD_1_2,the angel of the LORD_1,the angel of G-d,875
GEN 21:17__Hagar_1__Hagar_1_1,GEN 21:17,Hagar_1_1,Hagar_1,,876
GEN 21:18__NA__NA,GEN 21:18,NA,NA,,877
GEN 21:19__G-d_1__G-d_1_1,GEN 21:19,G-d_1_1,G-d_1,,878
GEN 21:20__G-d_1__G-d_1_1,GEN 21:20,G-d_1_1,G-d_1,,879
GEN 21:21__NA__NA,GEN 21:21,NA,NA,,880
GEN 21:22__Abimelech_1__Abimelech_1_2,GEN 21:22,Abimelech_1_2,Abimelech_1,,881
GEN 21:22__Phicol_1__Phicol_1_1,GEN 21:22,Phicol_1_1,Phicol_1,,882
GEN 21:22__Abram_1__Abram_1_2,GEN 21:22,Abram_1_2,Abram_1,Abraham,883
GEN 21:22__G-d_1__G-d_1_1,GEN 21:22,G-d_1_1,G-d_1,,884
GEN 21:23__G-d_1__G-d_1_1,GEN 21:23,G-d_1_1,G-d_1,,885
GEN 21:24__Abram_1__Abram_1_2,GEN 21:24,Abram_1_2,Abram_1,Abraham,886
GEN 21:25__Abram_1__Abram_1_2,GEN 21:25,Abram_1_2,Abram_1,Abraham,887
GEN 21:25__Abimelech_1__Abimelech_1_2,GEN 21:25,Abimelech_1_2,Abimelech_1,(both),888
GEN 21:26__Abimelech_1__Abimelech_1_2,GEN 21:26,Abimelech_1_2,Abimelech_1,,889
GEN 21:27__Abram_1__Abram_1_2,GEN 21:27,Abram_1_2,Abram_1,Abraham,890
GEN 21:27__Abimelech_1__Abimelech_1_2,GEN 21:27,Abimelech_1_2,Abimelech_1,,891
GEN 21:28__Abram_1__Abram_1_2,GEN 21:28,Abram_1_2,Abram_1,Abraham,892
GEN 21:29__Abimelech_1__Abimelech_1_2,GEN 21:29,Abimelech_1_2,Abimelech_1,,893
GEN 21:29__Abram_1__Abram_1_2,GEN 21:29,Abram_1_2,Abram_1,Abraham,894
GEN 21:30__NA__NA,GEN 21:30,NA,NA,,895
GEN 21:31__NA__NA,GEN 21:31,NA,NA,,896
GEN 21:32__Abimelech_1__Abimelech_1_2,GEN 21:32,Abimelech_1_2,Abimelech_1,,897
GEN 21:32__Phicol_1__Phicol_1_1,GEN 21:32,Phicol_1_1,Phicol_1,,898
GEN 21:33__G-d_1__G-d_1_3,GEN 21:33,G-d_1_3,G-d_1,LORD,899
GEN 21:33__G-d_1__G-d_1_12,GEN 21:33,G-d_1_12,G-d_1,Everlasting G-d,900
GEN 21:34__Abram_1__Abram_1_2,GEN 21:34,Abram_1_2,Abram_1,Abraham,901
GEN 22:1__G-d_1__G-d_1_1,GEN 22:1,G-d_1_1,G-d_1,,902
GEN 22:1__Abram_1__Abram_1_2,GEN 22:1,Abram_1_2,Abram_1,Abraham (both),903
GEN 22:2__Isaac_1__Isaac_1_1,GEN 22:2,Isaac_1_1,Isaac_1,,904
GEN 22:3__Abram_1__Abram_1_2,GEN 22:3,Abram_1_2,Abram_1,Abraham,905
GEN 22:3__Isaac_1__Isaac_1_1,GEN 22:3,Isaac_1_1,Isaac_1,,906
GEN 22:3__G-d_1__G-d_1_1,GEN 22:3,G-d_1_1,G-d_1,,907
GEN 22:4__Abram_1__Abram_1_2,GEN 22:4,Abram_1_2,Abram_1,Abraham,908
GEN 22:5__Abram_1__Abram_1_2,GEN 22:5,Abram_1_2,Abram_1,Abraham,909
GEN 22:6__Abram_1__Abram_1_2,GEN 22:6,Abram_1_2,Abram_1,Abraham,910
GEN 22:6__Isaac_1__Isaac_1_1,GEN 22:6,Isaac_1_1,Isaac_1,,911
GEN 22:7__Isaac_1__Isaac_1_1,GEN 22:7,Isaac_1_1,Isaac_1,,912
GEN 22:7__Abram_1__Abram_1_2,GEN 22:7,Abram_1_2,Abram_1,Abraham,913
GEN 22:8__Abram_1__Abram_1_2,GEN 22:8,Abram_1_2,Abram_1,Abraham,914
GEN 22:8__G-d_1__G-d_1_1,GEN 22:8,G-d_1_1,G-d_1,,915
GEN 22:9__G-d_1__G-d_1_1,GEN 22:9,G-d_1_1,G-d_1,,916
GEN 22:9__Abram_1__Abram_1_2,GEN 22:9,Abram_1_2,Abram_1,Abraham,917
GEN 22:9__Isaac_1__Isaac_1_1,GEN 22:9,Isaac_1_1,Isaac_1,,918
GEN 22:10__Abram_1__Abram_1_2,GEN 22:10,Abram_1_2,Abram_1,Abraham,919
GEN 22:11__the angel of the LORD_1__the angel of the LORD_1_1,GEN 22:11,the angel of the LORD_1_1,the angel of the LORD_1,,920
GEN 22:11__Abram_1__Abram_1_2,GEN 22:11,Abram_1_2,Abram_1,Abraham (both),921
GEN 22:12__G-d_1__G-d_1_1,GEN 22:12,G-d_1_1,G-d_1,,922
GEN 22:13__Abram_1__Abram_1_2,GEN 22:13,Abram_1_2,Abram_1,Abraham (both),923
GEN 22:14__Abram_1__Abram_1_2,GEN 22:14,Abram_1_2,Abram_1,Abraham,924
GEN 22:14__G-d_1__G-d_1_3,GEN 22:14,G-d_1_3,G-d_1,LORD,925
GEN 22:15__the angel of the LORD_1__the angel of the LORD_1_1,GEN 22:15,the angel of the LORD_1_1,the angel of the LORD_1,,926
GEN 22:15__Abram_1__Abram_1_2,GEN 22:15,Abram_1_2,Abram_1,Abraham,927
GEN 22:16__G-d_1__G-d_1_3,GEN 22:16,G-d_1_3,G-d_1,LORD,928
GEN 22:17__NA__NA,GEN 22:17,NA,NA,,929
GEN 22:18__NA__NA,GEN 22:18,NA,NA,,930
GEN 22:19__Abram_1__Abram_1_2,GEN 22:19,Abram_1_2,Abram_1,Abraham (both),931
GEN 22:20__Abram_1__Abram_1_2,GEN 22:20,Abram_1_2,Abram_1,Abraham,932
GEN 22:20__Milcah_1__Milcah_1_1,GEN 22:20,Milcah_1_1,Milcah_1,,933
GEN 22:20__Nahor_2__Nahor_2_1,GEN 22:20,Nahor_2_1,Nahor_2,,934
GEN 22:21__Uz_2__Uz_2_1,GEN 22:21,Uz_2_1,Uz_2,,935
GEN 22:21__Buz_1__Buz_1_1,GEN 22:21,Buz_1_1,Buz_1,,936
GEN 22:21__Kemuel_1__Kemuel_1_1,GEN 22:21,Kemuel_1_1,Kemuel_1,,937
GEN 22:21__Aram_2__Aram_2_1,GEN 22:21,Aram_2_1,Aram_2,,938
GEN 22:22__Chesed_1__Chesed_1_1,GEN 22:22,Chesed_1_1,Chesed_1,,939
GEN 22:22__Hazo_1__Hazo_1_1,GEN 22:22,Hazo_1_1,Hazo_1,,940
GEN 22:22__Pildash_1__Pildash_1_1,GEN 22:22,Pildash_1_1,Pildash_1,,941
GEN 22:22__Jidlaph_1__Jidlaph_1_1,GEN 22:22,Jidlaph_1_1,Jidlaph_1,,942
GEN 22:22__Bethuel_1__Bethuel_1_1,GEN 22:22,Bethuel_1_1,Bethuel_1,,943
GEN 22:23__Bethuel_1__Bethuel_1_1,GEN 22:23,Bethuel_1_1,Bethuel_1,,944
GEN 22:23__Rebekah_1__Rebekah_1_1,GEN 22:23,Rebekah_1_1,Rebekah_1,,945
GEN 22:23__Milcah_1__Milcah_1_1,GEN 22:23,Milcah_1_1,Milcah_1,,946
GEN 22:23__Nahor_2__Nahor_2_1,GEN 22:23,Nahor_2_1,Nahor_2,,947
GEN 22:23__Abram_1__Abram_1_2,GEN 22:23,Abram_1_2,Abram_1,Abraham,948
GEN 22:24__Reumah_1__Reumah_1_1,GEN 22:24,Reumah_1_1,Reumah_1,,949
GEN 22:24__Tebah_1__Tebah_1_1,GEN 22:24,Tebah_1_1,Tebah_1,,950
GEN 22:24__Gaham_1__Gaham_1_1,GEN 22:24,Gaham_1_1,Gaham_1,,951
GEN 22:24__Tahash_1__Tahash_1_1,GEN 22:24,Tahash_1_1,Tahash_1,,952
GEN 22:24__Maacah_1__Maacah_1_1,GEN 22:24,Maacah_1_1,Maacah_1,,953
GEN 23:1__Sarai_1__Sarai_1_2,GEN 23:1,Sarai_1_2,Sarai_1,Sarah (both),954
GEN 23:2__Sarai_1__Sarai_1_2,GEN 23:2,Sarai_1_2,Sarai_1,Sarah (both),955
GEN 23:2__Abram_1__Abram_1_2,GEN 23:2,Abram_1_2,Abram_1,Abraham,956
GEN 23:3__Abram_1__Abram_1_2,GEN 23:3,Abram_1_2,Abram_1,Abraham,957
GEN 23:3__Heth_1__Heth_1_1,GEN 23:3,Heth_1_1,Heth_1,,958
GEN 23:4__NA__NA,GEN 23:4,NA,NA,,959
GEN 23:5__Heth_1__Heth_1_1,GEN 23:5,Heth_1_1,Heth_1,,960
GEN 23:5__Abram_1__Abram_1_2,GEN 23:5,Abram_1_2,Abram_1,Abraham,961
GEN 23:6__NA__NA,GEN 23:6,NA,NA,,962
GEN 23:7__Abram_1__Abram_1_2,GEN 23:7,Abram_1_2,Abram_1,Abraham,963
GEN 23:7__Heth_1__Heth_1_1,GEN 23:7,Heth_1_1,Heth_1,,964
GEN 23:8__Ephron_1__Ephron_1_1,GEN 23:8,Ephron_1_1,Ephron_1,,965
GEN 23:8__Zohar_1__Zohar_1_1,GEN 23:8,Zohar_1_1,Zohar_1,,966
GEN 23:9__NA__NA,GEN 23:9,NA,NA,,967
GEN 23:10__Ephron_1__Ephron_1_1,GEN 23:10,Ephron_1_1,Ephron_1,,968
GEN 23:10__Heth_1__Heth_1_1,GEN 23:10,Heth_1_1,Heth_1,(both),969
GEN 23:10__Abram_1__Abram_1_2,GEN 23:10,Abram_1_2,Abram_1,Abraham,970
GEN 23:11__NA__NA,GEN 23:11,NA,NA,,971
GEN 23:12__Abram_1__Abram_1_2,GEN 23:12,Abram_1_2,Abram_1,Abraham,972
GEN 23:13__Ephron_1__Ephron_1_1,GEN 23:13,Ephron_1_1,Ephron_1,,973
GEN 23:14__Ephron_1__Ephron_1_1,GEN 23:14,Ephron_1_1,Ephron_1,,974
GEN 23:14__Abram_1__Abram_1_2,GEN 23:14,Abram_1_2,Abram_1,Abraham,975
GEN 23:15__NA__NA,GEN 23:15,NA,NA,,976
GEN 23:16__Abram_1__Abram_1_2,GEN 23:16,Abram_1_2,Abram_1,Abraham,977
GEN 23:16__Ephron_1__Ephron_1_1,GEN 23:16,Ephron_1_1,Ephron_1,,978
GEN 23:16__Heth_1__Heth_1_1,GEN 23:16,Heth_1_1,Heth_1,,979
GEN 23:17__Ephron_1__Ephron_1_1,GEN 23:17,Ephron_1_1,Ephron_1,,980
GEN 23:18__Abram_1__Abram_1_2,GEN 23:18,Abram_1_2,Abram_1,Abraham,981
GEN 23:18__Heth_1__Heth_1_1,GEN 23:18,Heth_1_1,Heth_1,,982
GEN 23:19__Abram_1__Abram_1_2,GEN 23:19,Abram_1_2,Abram_1,Abraham,983
GEN 23:19__Sarai_1__Sarai_1_2,GEN 23:19,Sarai_1_2,Sarai_1,Sarah,984
GEN 23:20__Abram_1__Abram_1_2,GEN 23:20,Abram_1_2,Abram_1,Abraham,985
GEN 23:20__Heth_1__Heth_1_1,GEN 23:20,Heth_1_1,Heth_1,,986
