place_verse_id,reference_id,place_label_id,place_id,place_label,place_label_count,place_verse_sequence,place_verse_notes
GEN 1:1__heaven_1_1,GEN 1:1,heaven_1_1,heaven_1,heaven,1,1,the distinction drawn by the text is between heaven (the abode of stars) and earth (the planet)
GEN 1:1__Earth_1_1,GEN 1:1,Earth_1_1,Earth_1,Earth,1,2,
GEN 1:2__Earth_1_1,GEN 1:2,Earth_1_1,Earth_1,Earth,1,3,
GEN 1:2__waters_1_1,GEN 1:2,waters_1_1,waters_1,waters,1,4,
GEN 1:3__NA,GEN 1:3,NA,NA,NA,,5,
GEN 1:4__NA,GEN 1:4,NA,NA,NA,,6,
GEN 1:5__NA,GEN 1:5,NA,NA,NA,,7,
GEN 1:6__heaven_2_2,GEN 1:6,heaven_2_2,heaven_2,expanse,1,8,
GEN 1:6__waters_1_1,GEN 1:6,waters_1_1,waters_1,waters,3,9,
GEN 1:7__heaven_2_2,GEN 1:7,heaven_2_2,heaven_2,expanse,1,10,
GEN 1:7__waters_1_1,GEN 1:7,waters_1_1,waters_1,waters,2,11,waters above = clouds & waters below = oceans?
GEN 1:8__heaven_2_2,GEN 1:8,heaven_2_2,heaven_2,expanse,1,12,
GEN 1:8__heaven_2_1,GEN 1:8,heaven_2_1,heaven_2,heaven,1,13,
GEN 1:9__waters_1_1,GEN 1:9,waters_1_1,waters_1,waters,1,14,"""waters below the heavens"""
GEN 1:9__earth_2_2,GEN 1:9,earth_2_2,earth_2,dry land,1,15,
GEN 1:10__earth_2_2,GEN 1:10,earth_2_2,earth_2,dry land,1,16,
GEN 1:10__earth_2_2,GEN 1:10,earth_2_2,earth_2,earth,1,17,
GEN 1:10__waters_1_1,GEN 1:10,waters_1_1,waters_1,waters,1,18,
GEN 1:10__waters_1_2,GEN 1:10,waters_1_2,waters_1,sea,1,19,
GEN 1:11__earth_2_2,GEN 1:11,earth_2_2,earth_2,earth,1,20,
GEN 1:12__earth_2_2,GEN 1:12,earth_2_2,earth_2,earth,1,21,
GEN 1:13__NA,GEN 1:13,NA,NA,NA,,22,
GEN 1:14__heaven_1_2,GEN 1:14,heaven_1_2,heaven_1,expanse of the heavens,1,23,
GEN 1:15__heaven_1_2,GEN 1:15,heaven_1_2,heaven_1,expanse of the heavens,1,24,
GEN 1:15__Earth_1_1,GEN 1:15,Earth_1_1,Earth_1,Earth,1,25,
GEN 1:16__NA,GEN 1:16,NA,NA,NA,,26,
GEN 1:17__heaven_1_2,GEN 1:17,heaven_1_2,heaven_1,expanse of the heavens,1,27,
GEN 1:17__Earth_1_1,GEN 1:17,Earth_1_1,Earth_1,Earth,1,28,
GEN 1:18__NA,GEN 1:18,NA,NA,NA,,29,
GEN 1:19__NA,GEN 1:19,NA,NA,NA,,30,
GEN 1:20__Earth_1_1,GEN 1:20,Earth_1_1,Earth_1,Earth,1,31,
GEN 1:20__heaven_2_3,GEN 1:20,heaven_2_3,heaven_2,expanse of the heavens,1,32,
GEN 1:21__NA,GEN 1:21,NA,NA,NA,,33,
GEN 1:22__waters_1_2,GEN 1:22,waters_1_2,waters_1,sea,1,34,
GEN 1:22__earth_2_2,GEN 1:22,earth_2_2,earth_2,earth,1,35,
GEN 1:23__NA,GEN 1:23,NA,NA,NA,,36,
GEN 1:24__earth_2_2,GEN 1:24,earth_2_2,earth_2,earth,2,37,"earth, beasts of the earth"
GEN 1:25__earth_2_2,GEN 1:25,earth_2_2,earth_2,earth,1,38,beasts of the earth
GEN 1:26__waters_1_2,GEN 1:26,waters_1_2,waters_1,sea,1,39,fish of the sea
GEN 1:26__heaven_2_4,GEN 1:26,heaven_2_4,heaven_2,sky,1,40,birds of the sky
GEN 1:26__earth_2_2,GEN 1:26,earth_2_2,earth_2,earth,2,41,
GEN 1:27__NA,GEN 1:27,NA,NA,NA,,42,
GEN 1:28__Earth_1_1,GEN 1:28,Earth_1_1,Earth_1,Earth,1,43,
GEN 1:28__waters_1_2,GEN 1:28,waters_1_2,waters_1,sea,1,44,fish of the sea
GEN 1:28__heaven_2_4,GEN 1:28,heaven_2_4,heaven_2,sky,1,45,birds of the sky
GEN 1:28__earth_2_2,GEN 1:28,earth_2_2,earth_2,earth,1,46,
GEN 1:29__Earth_1_1,GEN 1:29,Earth_1_1,Earth_1,Earth,1,47,
GEN 1:30__earth_2_2,GEN 1:30,earth_2_2,earth_2,earth,1,48,beast of the earth
GEN 1:30__heaven_2_4,GEN 1:30,heaven_2_4,heaven_2,sky,1,49,birds of the sky
GEN 1:31__NA,GEN 1:31,NA,NA,NA,,50,
GEN 2:1__heaven_1_1,GEN 2:1,heaven_1_1,heaven_1,heaven,1,51,the context suggests both the heavens
GEN 2:1__heaven_2_1,GEN 2:1,heaven_2_1,heaven_2,heaven,1,52,the context suggests both the heavens
GEN 2:1__Earth_1_1,GEN 2:1,Earth_1_1,Earth_1,Earth,1,53,
GEN 2:2__NA,GEN 2:2,NA,NA,NA,,54,
GEN 2:3__NA,GEN 2:3,NA,NA,NA,,55,
GEN 2:4__heaven_1_1,GEN 2:4,heaven_1_1,heaven_1,heaven,2,56,the context suggests both the heavens
GEN 2:4__heaven_2_1,GEN 2:4,heaven_2_1,heaven_2,heaven,1,57,the context suggests both the heavens
GEN 2:4__Earth_1_1,GEN 2:4,Earth_1_1,Earth_1,Earth,2,58,
GEN 2:5__earth_2_2,GEN 2:5,earth_2_2,earth_2,earth,2,59,
GEN 2:6__earth_2_2,GEN 2:6,earth_2_2,earth_2,earth,1,60,
GEN 2:7__NA,GEN 2:7,NA,NA,NA,,61,
GEN 2:8__The Garden_1_1,GEN 2:8,The Garden_1_1,The Garden_1,garden,1,62,
GEN 2:8__Eden_1_1,GEN 2:8,Eden_1_1,Eden_1,Eden,1,63,
GEN 2:9__The Garden_1_1,GEN 2:9,The Garden_1_1,The Garden_1,garden,1,64,
GEN 2:10__Eden_1_1,GEN 2:10,Eden_1_1,Eden_1,Eden,1,65,
GEN 2:10__The Garden_1_1,GEN 2:10,The Garden_1_1,The Garden_1,garden,1,66,
GEN 2:11__Pishon_1_1,GEN 2:11,Pishon_1_1,Pishon_1,Pishon,1,67,
GEN 2:11__Havilah_1_1,GEN 2:11,Havilah_1_1,Havilah_1,Havilah,1,68,
GEN 2:12__NA,GEN 2:12,NA,NA,NA,,69,
GEN 2:13__Gihon_1_1,GEN 2:13,Gihon_1_1,Gihon_1,Gihon,1,70,
GEN 2:13__Cush_1_1,GEN 2:13,Cush_1_1,Cush_1,Cush,1,71,
GEN 2:14__Tigris_1_1,GEN 2:14,Tigris_1_1,Tigris_1,Tigris,1,72,
GEN 2:14__Assyria_1_1,GEN 2:14,Assyria_1_1,Assyria_1,Assyria,1,73,
GEN 2:14__Euphrates_1_1,GEN 2:14,Euphrates_1_1,Euphrates_1,Euphrates,1,74,
GEN 2:15__The Garden_1_2,GEN 2:15,The Garden_1_2,The Garden_1,the garden of Eden,1,75,
GEN 2:16__The Garden_1_1,GEN 2:16,The Garden_1_1,The Garden_1,garden,1,76,
GEN 2:17__NA,GEN 2:17,NA,NA,NA,,77,
GEN 2:18__NA,GEN 2:18,NA,NA,NA,,78,
GEN 2:19__heaven_2_4,GEN 2:19,heaven_2_4,heaven_2,sky,1,79,birds of the sky
GEN 2:20__heaven_2_4,GEN 2:20,heaven_2_4,heaven_2,sky,1,80,birds of the sky
GEN 2:21__NA,GEN 2:21,NA,NA,NA,,81,
GEN 2:22__NA,GEN 2:22,NA,NA,NA,,82,
GEN 2:23__NA,GEN 2:23,NA,NA,NA,,83,
GEN 2:24__NA,GEN 2:24,NA,NA,NA,,84,
GEN 2:25__NA,GEN 2:25,NA,NA,NA,,85,
GEN 3:1__The Garden_1_1,GEN 3:1,The Garden_1_1,The Garden_1,garden,1,86,
GEN 3:2__The Garden_1_1,GEN 3:2,The Garden_1_1,The Garden_1,garden,1,87,
GEN 3:3__The Garden_1_1,GEN 3:3,The Garden_1_1,The Garden_1,garden,1,88,
GEN 3:4__NA,GEN 3:4,NA,NA,NA,,89,
GEN 3:5__NA,GEN 3:5,NA,NA,NA,,90,
GEN 3:6__NA,GEN 3:6,NA,NA,NA,,91,
GEN 3:7__NA,GEN 3:7,NA,NA,NA,,92,
GEN 3:8__The Garden_1_1,GEN 3:8,The Garden_1_1,The Garden_1,garden,1,93,
GEN 3:9__NA,GEN 3:9,NA,NA,NA,,94,
GEN 3:10__The Garden_1_1,GEN 3:10,The Garden_1_1,The Garden_1,garden,1,95,
GEN 3:11__NA,GEN 3:11,NA,NA,NA,,96,
GEN 3:12__NA,GEN 3:12,NA,NA,NA,,97,
GEN 3:13__NA,GEN 3:13,NA,NA,NA,,98,
GEN 3:14__NA,GEN 3:14,NA,NA,NA,,99,
GEN 3:15__NA,GEN 3:15,NA,NA,NA,,100,
GEN 3:16__NA,GEN 3:16,NA,NA,NA,,101,
GEN 3:17__NA,GEN 3:17,NA,NA,NA,,102,
GEN 3:18__NA,GEN 3:18,NA,NA,NA,,103,
GEN 3:19__NA,GEN 3:19,NA,NA,NA,,104,
GEN 3:20__NA,GEN 3:20,NA,NA,NA,,105,
GEN 3:21__NA,GEN 3:21,NA,NA,NA,,106,
GEN 3:22__NA,GEN 3:22,NA,NA,NA,,107,
GEN 3:23__The Garden_1_2,GEN 3:23,The Garden_1_2,The Garden_1,the garden of Eden,1,108,
GEN 3:24__The Garden_1_2,GEN 3:24,The Garden_1_2,The Garden_1,the garden of Eden,1,109,east of the garden of Eden
GEN 4:1__NA,GEN 4:1,NA,NA,NA,,110,
GEN 4:2__NA,GEN 4:2,NA,NA,NA,,111,
GEN 4:3__NA,GEN 4:3,NA,NA,NA,,112,
GEN 4:4__NA,GEN 4:4,NA,NA,NA,,113,
GEN 4:5__NA,GEN 4:5,NA,NA,NA,,114,
GEN 4:6__NA,GEN 4:6,NA,NA,NA,,115,
GEN 4:7__NA,GEN 4:7,NA,NA,NA,,116,
GEN 4:8__NA,GEN 4:8,NA,NA,NA,,117,
GEN 4:9__NA,GEN 4:9,NA,NA,NA,,118,
GEN 4:10__NA,GEN 4:10,NA,NA,NA,,119,
GEN 4:11__NA,GEN 4:11,NA,NA,NA,,120,
GEN 4:12__earth_2_2,GEN 4:12,earth_2_2,earth_2,earth,1,121,
GEN 4:13__NA,GEN 4:13,NA,NA,NA,,122,
GEN 4:14__earth_2_2,GEN 4:14,earth_2_2,earth_2,earth,1,123,
GEN 4:15__NA,GEN 4:15,NA,NA,NA,,124,
GEN 4:16__Nod_1_1,GEN 4:16,Nod_1_1,Nod_1,Nod,1,125,
GEN 4:16__Eden_1_1,GEN 4:16,Eden_1_1,Eden_1,Eden,1,126,east of Eden
GEN 4:17__Enoch_1_1,GEN 4:17,Enoch_1_1,Enoch_1,Enoch,1,127,
GEN 4:18__NA,GEN 4:18,NA,NA,NA,,128,
GEN 4:19__NA,GEN 4:19,NA,NA,NA,,129,
GEN 4:20__NA,GEN 4:20,NA,NA,NA,,130,
GEN 4:21__NA,GEN 4:21,NA,NA,NA,,131,
GEN 4:22__NA,GEN 4:22,NA,NA,NA,,132,
GEN 4:23__NA,GEN 4:23,NA,NA,NA,,133,
GEN 4:24__NA,GEN 4:24,NA,NA,NA,,134,
GEN 4:25__NA,GEN 4:25,NA,NA,NA,,135,
GEN 4:26__NA,GEN 4:26,NA,NA,NA,,136,
GEN 5:1__NA,GEN 5:1,NA,NA,NA,,137,
GEN 5:2__NA,GEN 5:2,NA,NA,NA,,138,
GEN 5:3__NA,GEN 5:3,NA,NA,NA,,139,
GEN 5:4__NA,GEN 5:4,NA,NA,NA,,140,
GEN 5:5__NA,GEN 5:5,NA,NA,NA,,141,
GEN 5:6__NA,GEN 5:6,NA,NA,NA,,142,
GEN 5:7__NA,GEN 5:7,NA,NA,NA,,143,
GEN 5:8__NA,GEN 5:8,NA,NA,NA,,144,
GEN 5:9__NA,GEN 5:9,NA,NA,NA,,145,
GEN 5:10__NA,GEN 5:10,NA,NA,NA,,146,
GEN 5:11__NA,GEN 5:11,NA,NA,NA,,147,
GEN 5:12__NA,GEN 5:12,NA,NA,NA,,148,
GEN 5:13__NA,GEN 5:13,NA,NA,NA,,149,
GEN 5:14__NA,GEN 5:14,NA,NA,NA,,150,
GEN 5:15__NA,GEN 5:15,NA,NA,NA,,151,
GEN 5:16__NA,GEN 5:16,NA,NA,NA,,152,
GEN 5:17__NA,GEN 5:17,NA,NA,NA,,153,
GEN 5:18__NA,GEN 5:18,NA,NA,NA,,154,
GEN 5:19__NA,GEN 5:19,NA,NA,NA,,155,
GEN 5:20__NA,GEN 5:20,NA,NA,NA,,156,
GEN 5:21__NA,GEN 5:21,NA,NA,NA,,157,
GEN 5:22__NA,GEN 5:22,NA,NA,NA,,158,
GEN 5:23__NA,GEN 5:23,NA,NA,NA,,159,
GEN 5:24__NA,GEN 5:24,NA,NA,NA,,160,
GEN 5:25__NA,GEN 5:25,NA,NA,NA,,161,
GEN 5:26__NA,GEN 5:26,NA,NA,NA,,162,
GEN 5:27__NA,GEN 5:27,NA,NA,NA,,163,
GEN 5:28__NA,GEN 5:28,NA,NA,NA,,164,
GEN 5:29__NA,GEN 5:29,NA,NA,NA,,165,
GEN 5:30__NA,GEN 5:30,NA,NA,NA,,166,
GEN 5:31__NA,GEN 5:31,NA,NA,NA,,167,
GEN 5:32__NA,GEN 5:32,NA,NA,NA,,168,
GEN 6:1__NA,GEN 6:1,NA,NA,NA,,169,
GEN 6:2__NA,GEN 6:2,NA,NA,NA,,170,
GEN 6:3__NA,GEN 6:3,NA,NA,NA,,171,
GEN 6:4__Earth_1_1,GEN 6:4,Earth_1_1,Earth_1,Earth,1,172,Earth (planet) rather than earth (dry land) since they were not constrained to only the land
GEN 6:5__Earth_1_1,GEN 6:5,Earth_1_1,Earth_1,Earth,1,173,Earth (planet) rather than earth (dry land) since they were not constrained to only the land
GEN 6:6__Earth_1_1,GEN 6:6,Earth_1_1,Earth_1,Earth,1,174,Earth (planet) rather than earth (dry land) since they were not constrained to only the land
GEN 6:7__heaven_2_4,GEN 6:7,heaven_2_4,heaven_2,sky,1,175,birds of the sky
GEN 6:8__NA,GEN 6:8,NA,NA,NA,,176,
GEN 6:9__NA,GEN 6:9,NA,NA,NA,,177,
GEN 6:10__NA,GEN 6:10,NA,NA,NA,,178,
GEN 6:11__Earth_1_1,GEN 6:11,Earth_1_1,Earth_1,Earth,2,179,Earth (planet) rather than earth (dry land) since they were not constrained to only the land
GEN 6:12__Earth_1_1,GEN 6:12,Earth_1_1,Earth_1,Earth,2,180,Earth (planet) rather than earth (dry land) since they were not constrained to only the land
GEN 6:13__Earth_1_1,GEN 6:13,Earth_1_1,Earth_1,Earth,2,181,Earth (planet) rather than earth (dry land) since they were not constrained to only the land
GEN 6:14__NA,GEN 6:14,NA,NA,NA,,182,
GEN 6:15__NA,GEN 6:15,NA,NA,NA,,183,
GEN 6:16__NA,GEN 6:16,NA,NA,NA,,184,
GEN 6:17__earth_2_2,GEN 6:17,earth_2_2,earth_2,earth,2,185,
GEN 6:17__heaven_2_1,GEN 6:17,heaven_2_1,heaven_2,heaven,1,186,
GEN 6:18__NA,GEN 6:18,NA,NA,NA,,187,
GEN 6:19__NA,GEN 6:19,NA,NA,NA,,188,
GEN 6:20__NA,GEN 6:20,NA,NA,NA,,189,
GEN 6:21__NA,GEN 6:21,NA,NA,NA,,190,
GEN 6:22__NA,GEN 6:22,NA,NA,NA,,191,
GEN 7:1__NA,GEN 7:1,NA,NA,NA,,192,
GEN 7:2__NA,GEN 7:2,NA,NA,NA,,193,
GEN 7:3__heaven_2_4,GEN 7:3,heaven_2_4,heaven_2,sky,1,194,birds of the sky
GEN 7:3__earth_2_2,GEN 7:3,earth_2_2,earth_2,earth,1,195,face of the earth
GEN 7:4__earth_2_2,GEN 7:4,earth_2_2,earth_2,earth,1,196,
GEN 7:5__NA,GEN 7:5,NA,NA,NA,,197,
GEN 7:6__Earth_1_1,GEN 7:6,Earth_1_1,Earth_1,Earth,1,198,Earth (planet) rather than earth (dry land) since the rain was not limited to only the land
GEN 7:7__NA,GEN 7:7,NA,NA,NA,,199,
GEN 7:8__NA,GEN 7:8,NA,NA,NA,,200,
GEN 7:9__NA,GEN 7:9,NA,NA,NA,,201,
GEN 7:10__Earth_1_1,GEN 7:10,Earth_1_1,Earth_1,Earth,1,202,Earth (planet) rather than earth (dry land) since the rain was not limited to only the land
GEN 7:11__heaven_2_4,GEN 7:11,heaven_2_4,heaven_2,sky,1,203,floodgates of the sky
GEN 7:12__Earth_1_1,GEN 7:12,Earth_1_1,Earth_1,Earth,1,204,Earth (planet) rather than earth (dry land) since the rain was not limited to only the land
GEN 7:13__NA,GEN 7:13,NA,NA,NA,,205,
GEN 7:14__earth_2_2,GEN 7:14,earth_2_2,earth_2,earth,1,206,
GEN 7:15__NA,GEN 7:15,NA,NA,NA,,207,
GEN 7:16__NA,GEN 7:16,NA,NA,NA,,208,
GEN 7:17__Earth_1_1,GEN 7:17,Earth_1_1,Earth_1,Earth,1,209,Earth (planet) rather than earth (dry land) since the rain was not limited to only the land
GEN 7:17__earth_2_2,GEN 7:17,earth_2_2,earth_2,earth,1,210,the land rather than the planet
GEN 7:18__earth_2_2,GEN 7:18,earth_2_2,earth_2,earth,1,211,the land rather than the planet
GEN 7:19__earth_2_2,GEN 7:19,earth_2_2,earth_2,earth,1,212,the land rather than the planet
GEN 7:19__heaven_2_1,GEN 7:19,heaven_2_1,heaven_2,heaven,1,213,assuming the Flood was limited to Earth and wasn't a universal event
GEN 7:20__NA,GEN 7:20,NA,NA,NA,,214,
GEN 7:21__earth_2_2,GEN 7:21,earth_2_2,earth_2,earth,2,215,the land rather than the planet
GEN 7:22__earth_2_2,GEN 7:22,earth_2_2,earth_2,dry land,1,216,
GEN 7:23__heaven_2_4,GEN 7:23,heaven_2_4,heaven_2,sky,1,217,birds of the sky
GEN 7:23__earth_2_2,GEN 7:23,earth_2_2,earth_2,earth,2,218,the land rather than the planet
GEN 7:24__earth_2_2,GEN 7:24,earth_2_2,earth_2,earth,1,219,the land rather than the planet
GEN 8:1__Earth_1_1,GEN 8:1,Earth_1_1,Earth_1,Earth,1,220,Earth (planet) rather than earth (dry land).  The wind couldn't have blown on the land since it was covered with water.
GEN 8:2__heaven_2_4,GEN 8:2,heaven_2_4,heaven_2,sky,2,221,"floodgates of the sky, the rain from the sky"
GEN 8:3__earth_2_2,GEN 8:3,earth_2_2,earth_2,earth,1,222,the land rather than the planet.  Assuming the planet did not lose any water.
GEN 8:4__Ararat_1_1,GEN 8:4,Ararat_1_1,Ararat_1,Ararat,1,223,mountains of Ararat
GEN 8:5__NA,GEN 8:5,NA,NA,NA,,224,
GEN 8:6__NA,GEN 8:6,NA,NA,NA,,225,
GEN 8:7__earth_2_2,GEN 8:7,earth_2_2,earth_2,earth,1,226,the land rather than the planet
GEN 8:8__NA,GEN 8:8,NA,NA,NA,,227,
GEN 8:9__earth_2_2,GEN 8:9,earth_2_2,earth_2,earth,1,228,the land rather than the planet
GEN 8:10__NA,GEN 8:10,NA,NA,NA,,229,
GEN 8:11__earth_2_2,GEN 8:11,earth_2_2,earth_2,earth,1,230,the land rather than the planet
GEN 8:12__NA,GEN 8:12,NA,NA,NA,,231,
GEN 8:13__earth_2_2,GEN 8:13,earth_2_2,earth_2,earth,1,232,the land rather than the planet
GEN 8:14__earth_2_2,GEN 8:14,earth_2_2,earth_2,earth,1,233,the land rather than the planet
GEN 8:15__NA,GEN 8:15,NA,NA,NA,,234,
GEN 8:16__NA,GEN 8:16,NA,NA,NA,,235,
GEN 8:17__earth_2_2,GEN 8:17,earth_2_2,earth_2,earth,2,236,the land rather than the planet
GEN 8:18__NA,GEN 8:18,NA,NA,NA,,237,
GEN 8:19__earth_2_2,GEN 8:19,earth_2_2,earth_2,earth,1,238,the land rather than the planet
GEN 8:20__NA,GEN 8:20,NA,NA,NA,,239,
GEN 8:21__NA,GEN 8:21,NA,NA,NA,,240,
GEN 8:22__Earth_1_1,GEN 8:22,Earth_1_1,Earth_1,Earth,1,241,Earth (planet) rather than earth (dry land)
GEN 9:1__earth_2_2,GEN 9:1,earth_2_2,earth_2,earth,1,242,the land rather than the planet
GEN 9:2__earth_2_2,GEN 9:2,earth_2_2,earth_2,earth,1,243,beasts of the earth
GEN 9:2__earth_2_2,GEN 9:2,earth_2_2,earth_2,earth,1,244,beasts of the earth
GEN 9:2__heaven_2_4,GEN 9:2,heaven_2_4,heaven_2,sky,1,245,birds of the sky
GEN 9:3__waters_1_2,GEN 9:3,waters_1_2,waters_1,sea,1,246,fish of the sea
GEN 9:4__NA,GEN 9:4,NA,NA,NA,,247,
GEN 9:5__NA,GEN 9:5,NA,NA,NA,,248,
GEN 9:6__NA,GEN 9:6,NA,NA,NA,,249,
GEN 9:7__Earth_1_1,GEN 9:7,Earth_1_1,Earth_1,Earth,1,250,Earth (planet) rather than earth (dry land)
GEN 9:8__NA,GEN 9:8,NA,NA,NA,,251,
GEN 9:9__NA,GEN 9:9,NA,NA,NA,,252,
GEN 9:10__earth_2_2,GEN 9:10,earth_2_2,earth_2,earth,2,253,beasts of the earth
GEN 9:11__earth_2_2,GEN 9:11,earth_2_2,earth_2,earth,1,254,the land rather than the planet since the water didn't destroy the planet
GEN 9:12__NA,GEN 9:12,NA,NA,NA,,255,
GEN 9:13__NA,GEN 9:13,NA,NA,NA,,256,
GEN 9:14__Earth_1_1,GEN 9:14,Earth_1_1,Earth_1,Earth,1,257,Earth (planet) rather than earth (dry land) since rainbows can be seen over water as well as over land
GEN 9:15__NA,GEN 9:15,NA,NA,NA,,258,
GEN 9:16__earth_2_2,GEN 9:16,earth_2_2,earth_2,earth,1,259,the land rather than the planet since the water didn't destroy the planet
GEN 9:17__earth_2_2,GEN 9:17,earth_2_2,earth_2,earth,1,260,the land rather than the planet since the water didn't destroy the planet
GEN 9:18__NA,GEN 9:18,NA,NA,NA,,261,
GEN 9:19__Earth_1_1,GEN 9:19,Earth_1_1,Earth_1,Earth,1,262,Earth (planet) rather than earth (dry land) since humanity isn't limited to living on dry land.
GEN 9:20__NA,GEN 9:20,NA,NA,NA,,263,
GEN 9:21__NA,GEN 9:21,NA,NA,NA,,264,
GEN 9:22__NA,GEN 9:22,NA,NA,NA,,265,
GEN 9:23__NA,GEN 9:23,NA,NA,NA,,266,
GEN 9:24__NA,GEN 9:24,NA,NA,NA,,267,
GEN 9:25__NA,GEN 9:25,NA,NA,NA,,268,
GEN 9:26__NA,GEN 9:26,NA,NA,NA,,269,
GEN 9:27__NA,GEN 9:27,NA,NA,NA,,270,
GEN 9:28__NA,GEN 9:28,NA,NA,NA,,271,
GEN 9:29__NA,GEN 9:29,NA,NA,NA,,272,
GEN 10:1__NA,GEN 10:1,NA,NA,NA,,273,
GEN 10:2__NA,GEN 10:2,NA,NA,NA,,274,
GEN 10:3__NA,GEN 10:3,NA,NA,NA,,275,
GEN 10:4__NA,GEN 10:4,NA,NA,NA,,276,
GEN 10:5__NA,GEN 10:5,NA,NA,NA,,277,
GEN 10:6__NA,GEN 10:6,NA,NA,NA,,278,Canaan here is the individual rather than the location
GEN 10:7__NA,GEN 10:7,NA,NA,NA,,279,
GEN 10:8__earth_2_2,GEN 10:8,earth_2_2,earth_2,earth,1,280,
GEN 10:9__NA,GEN 10:9,NA,NA,NA,,281,
GEN 10:10__Babel_1_1,GEN 10:10,Babel_1_1,Babel_1,Babel,1,282,
GEN 10:10__Erech_1_1,GEN 10:10,Erech_1_1,Erech_1,Erech,1,283,
GEN 10:10__Accad_1_1,GEN 10:10,Accad_1_1,Accad_1,Accad,1,284,
GEN 10:10__Calneh_1_1,GEN 10:10,Calneh_1_1,Calneh_1,Calneh,1,285,
GEN 10:10__Shinar_1_1,GEN 10:10,Shinar_1_1,Shinar_1,Shinar,1,286,
GEN 10:11__Assyria_1_1,GEN 10:11,Assyria_1_1,Assyria_1,Assyria,1,287,
GEN 10:11__Nineveh_1_1,GEN 10:11,Nineveh_1_1,Nineveh_1,Nineveh,1,288,
GEN 10:11__Rehoboth-Ir_1_1,GEN 10:11,Rehoboth-Ir_1_1,Rehoboth-Ir_1,Rehoboth-Ir,1,289,
GEN 10:11__Calah_1_1,GEN 10:11,Calah_1_1,Calah_1,Calah,1,290,
GEN 10:12__Resen_1_1,GEN 10:12,Resen_1_1,Resen_1,Resen,1,291,
GEN 10:12__Nineveh_1_1,GEN 10:12,Nineveh_1_1,Nineveh_1,Nineveh,1,292,
GEN 10:12__Calah_1_1,GEN 10:12,Calah_1_1,Calah_1,Calah,1,293,
GEN 10:13__NA,GEN 10:13,NA,NA,NA,,294,
GEN 10:14__NA,GEN 10:14,NA,NA,NA,,295,
GEN 10:15__NA,GEN 10:15,NA,NA,NA,,296,Canaan and Sidon here are the individuals rather than the locations
GEN 10:16__NA,GEN 10:16,NA,NA,NA,,297,
GEN 10:17__NA,GEN 10:17,NA,NA,NA,,298,
GEN 10:18__NA,GEN 10:18,NA,NA,NA,,299,
GEN 10:19__Sidon_1_1,GEN 10:19,Sidon_1_1,Sidon_1,Sidon,1,300,
GEN 10:19__Gerar_1_1,GEN 10:19,Gerar_1_1,Gerar_1,Gerar,1,301,
GEN 10:19__Gaza_1_1,GEN 10:19,Gaza_1_1,Gaza_1,Gaza,1,302,
GEN 10:19__Sodom_1_1,GEN 10:19,Sodom_1_1,Sodom_1,Sodom,1,303,
GEN 10:19__Gomorrah_1_1,GEN 10:19,Gomorrah_1_1,Gomorrah_1,Gomorrah,1,304,
GEN 10:19__Admah_1_1,GEN 10:19,Admah_1_1,Admah_1,Admah,1,305,
GEN 10:19__Zeboiim_1_1,GEN 10:19,Zeboiim_1_1,Zeboiim_1,Zeboiim,1,306,
GEN 10:19__Lasha_1_1,GEN 10:19,Lasha_1_1,Lasha_1,Lasha,1,307,
GEN 10:20__NA,GEN 10:20,NA,NA,NA,,308,
GEN 10:21__NA,GEN 10:21,NA,NA,NA,,309,
GEN 10:22__NA,GEN 10:22,NA,NA,NA,,310,
GEN 10:23__NA,GEN 10:23,NA,NA,NA,,311,
GEN 10:24__NA,GEN 10:24,NA,NA,NA,,312,
GEN 10:25__NA,GEN 10:25,NA,NA,NA,,313,
GEN 10:26__NA,GEN 10:26,NA,NA,NA,,314,
GEN 10:27__NA,GEN 10:27,NA,NA,NA,,315,
GEN 10:28__NA,GEN 10:28,NA,NA,NA,,316,
GEN 10:29__NA,GEN 10:29,NA,NA,NA,,317,
GEN 10:30__Mesha_1_1,GEN 10:30,Mesha_1_1,Mesha_1,Mesha,1,318,
GEN 10:30__Sephar_1_1,GEN 10:30,Sephar_1_1,Sephar_1,Sephar,1,319,
GEN 10:31__NA,GEN 10:31,NA,NA,NA,,320,
GEN 10:32__earth_2_2,GEN 10:32,earth_2_2,earth_2,earth,1,321,the land as a distinction from the water
GEN 11:1__Earth_1_1,GEN 11:1,Earth_1_1,Earth_1,Earth,1,322,Earth- the whole planet.  No distinction is being made here between the dry land and the sea.
GEN 11:2__Shinar_1_1,GEN 11:2,Shinar_1_1,Shinar_1,Shinar,1,323,
GEN 11:3__NA,GEN 11:3,NA,NA,NA,,324,
GEN 11:4__heaven_1_1,GEN 11:4,heaven_1_1,heaven_1,heaven,1,325,above the clouds (from whence came the rains of the Flood)?
GEN 11:5__NA,GEN 11:5,NA,NA,NA,,326,
GEN 11:6__NA,GEN 11:6,NA,NA,NA,,327,
GEN 11:7__NA,GEN 11:7,NA,NA,NA,,328,
GEN 11:8__Earth_1_1,GEN 11:8,Earth_1_1,Earth_1,Earth,1,329,Earth- the whole planet.  No distinction is being made here between the dry land and the sea.
GEN 11:9__Babel_1_1,GEN 11:9,Babel_1_1,Babel_1,Babel,1,330,
GEN 11:9__Earth_1_1,GEN 11:9,Earth_1_1,Earth_1,Earth,2,331,Earth- the whole planet.  No distinction is being made here between the dry land and the sea.
GEN 11:10__NA,GEN 11:10,NA,NA,NA,,332,
GEN 11:11__NA,GEN 11:11,NA,NA,NA,,333,
GEN 11:12__NA,GEN 11:12,NA,NA,NA,,334,
GEN 11:13__NA,GEN 11:13,NA,NA,NA,,335,
GEN 11:14__NA,GEN 11:14,NA,NA,NA,,336,
GEN 11:15__NA,GEN 11:15,NA,NA,NA,,337,
GEN 11:16__NA,GEN 11:16,NA,NA,NA,,338,
GEN 11:17__NA,GEN 11:17,NA,NA,NA,,339,
GEN 11:18__NA,GEN 11:18,NA,NA,NA,,340,
GEN 11:19__NA,GEN 11:19,NA,NA,NA,,341,
GEN 11:20__NA,GEN 11:20,NA,NA,NA,,342,
GEN 11:21__NA,GEN 11:21,NA,NA,NA,,343,
GEN 11:22__NA,GEN 11:22,NA,NA,NA,,344,
GEN 11:23__NA,GEN 11:23,NA,NA,NA,,345,
GEN 11:24__NA,GEN 11:24,NA,NA,NA,,346,
GEN 11:25__NA,GEN 11:25,NA,NA,NA,,347,
GEN 11:26__NA,GEN 11:26,NA,NA,NA,,348,
GEN 11:27__NA,GEN 11:27,NA,NA,NA,,349,
GEN 11:28__Ur_1_1,GEN 11:28,Ur_1_1,Ur_1,Ur,1,350,
GEN 11:28__Chaldea_1_1,GEN 11:28,Chaldea_1_1,Chaldea_1,Chaldea,1,351,
GEN 11:29__NA,GEN 11:29,NA,NA,NA,,352,
GEN 11:30__NA,GEN 11:30,NA,NA,NA,,353,
GEN 11:31__Ur_1_1,GEN 11:31,Ur_1_1,Ur_1,Ur,1,354,
GEN 11:31__Chaldea_1_1,GEN 11:31,Chaldea_1_1,Chaldea_1,Chaldea,1,355,
GEN 11:31__Canaan_1_1,GEN 11:31,Canaan_1_1,Canaan_1,Canaan,1,356,the land of Canaan
GEN 11:31__Haran_1_1,GEN 11:31,Haran_1_1,Haran_1,Haran,1,357,
GEN 11:32__Haran_1_1,GEN 11:32,Haran_1_1,Haran_1,Haran,1,358,
GEN 12:1__NA,GEN 12:1,NA,NA,NA,,359,
GEN 12:2__NA,GEN 12:2,NA,NA,NA,,360,
GEN 12:3__Earth_1_1,GEN 12:3,Earth_1_1,Earth_1,Earth,1,361,Earth- the whole planet.  No distinction is being made here between the dry land and the sea.
GEN 12:4__Haran_1_1,GEN 12:4,Haran_1_1,Haran_1,Haran,1,362,
GEN 12:5__Haran_1_1,GEN 12:5,Haran_1_1,Haran_1,Haran,1,363,
GEN 12:5__Canaan_1_1,GEN 12:5,Canaan_1_1,Canaan_1,Canaan,2,364,the land of Canaan
GEN 12:6__Shechem_1_1,GEN 12:6,Shechem_1_1,Shechem_1,Shechem,1,365,
GEN 12:6__Moreh_1_1,GEN 12:6,Moreh_1_1,Moreh_1,Moreh,1,366,oak of Moreh
GEN 12:7__NA,GEN 12:7,NA,NA,NA,,367,
GEN 12:8__Bethel_1_1,GEN 12:8,Bethel_1_1,Bethel_1,Bethel,2,368,
GEN 12:8__Ai_1_1,GEN 12:8,Ai_1_1,Ai_1,Ai,1,369,
GEN 12:9__Negev_1_1,GEN 12:9,Negev_1_1,Negev_1,Negev,1,370,
GEN 12:10__Egypt_1_1,GEN 12:10,Egypt_1_1,Egypt_1,Egypt,1,371,
GEN 12:11__Egypt_1_1,GEN 12:11,Egypt_1_1,Egypt_1,Egypt,1,372,
GEN 12:12__NA,GEN 12:12,NA,NA,NA,,373,
GEN 12:13__NA,GEN 12:13,NA,NA,NA,,374,
GEN 12:14__Egypt_1_1,GEN 12:14,Egypt_1_1,Egypt_1,Egypt,1,375,
GEN 12:15__NA,GEN 12:15,NA,NA,NA,,376,
GEN 12:16__NA,GEN 12:16,NA,NA,NA,,377,
GEN 12:17__NA,GEN 12:17,NA,NA,NA,,378,
GEN 12:18__NA,GEN 12:18,NA,NA,NA,,379,
GEN 12:19__NA,GEN 12:19,NA,NA,NA,,380,
GEN 12:20__NA,GEN 12:20,NA,NA,NA,,381,
GEN 13:1__Egypt_1_1,GEN 13:1,Egypt_1_1,Egypt_1,Egypt,1,382,
GEN 13:1__Negev_1_1,GEN 13:1,Negev_1_1,Negev_1,Negev,1,383,
GEN 13:2__NA,GEN 13:2,NA,NA,NA,,384,
GEN 13:3__Negev_1_1,GEN 13:3,Negev_1_1,Negev_1,Negev,1,385,
GEN 13:3__Bethel_1_1,GEN 13:3,Bethel_1_1,Bethel_1,Bethel,2,386,
GEN 13:3__Ai_1_1,GEN 13:3,Ai_1_1,Ai_1,Ai,1,387,
GEN 13:4__NA,GEN 13:4,NA,NA,NA,,388,
GEN 13:5__NA,GEN 13:5,NA,NA,NA,,389,
GEN 13:6__NA,GEN 13:6,NA,NA,NA,,390,
GEN 13:7__NA,GEN 13:7,NA,NA,NA,,391,
GEN 13:8__NA,GEN 13:8,NA,NA,NA,,392,
GEN 13:9__NA,GEN 13:9,NA,NA,NA,,393,
GEN 13:10__Valley of the Jordan_1_1,GEN 13:10,Valley of the Jordan_1_1,Valley of the Jordan_1,Valley of the Jordan,1,394,
GEN 13:10__Sodom_1_1,GEN 13:10,Sodom_1_1,Sodom_1,Sodom,1,395,
GEN 13:10__Gomorrah_1_1,GEN 13:10,Gomorrah_1_1,Gomorrah_1,Gomorrah,1,396,
GEN 13:10__The Garden_1_3,GEN 13:10,The Garden_1_3,The Garden_1,Garden of the LORD,1,397,
GEN 13:10__Egypt_1_1,GEN 13:10,Egypt_1_1,Egypt_1,Egypt,1,398,the land of Egypt
GEN 13:10__Zoar_1_1,GEN 13:10,Zoar_1_1,Zoar_1,Zoar,1,399,
GEN 13:11__Valley of the Jordan_1_1,GEN 13:11,Valley of the Jordan_1_1,Valley of the Jordan_1,Valley of the Jordan,1,400,
GEN 13:12__Canaan_1_1,GEN 13:12,Canaan_1_1,Canaan_1,Canaan,1,401,the land of Canaan
GEN 13:12__Sodom_1_1,GEN 13:12,Sodom_1_1,Sodom_1,Sodom,1,402,
GEN 13:13__Sodom_1_1,GEN 13:13,Sodom_1_1,Sodom_1,Sodom,1,403,
GEN 13:14__NA,GEN 13:14,NA,NA,NA,,404,
GEN 13:15__NA,GEN 13:15,NA,NA,NA,,405,
GEN 13:16__NA,GEN 13:16,NA,NA,NA,,406,
GEN 13:17__NA,GEN 13:17,NA,NA,NA,,407,
GEN 13:18__Mamre_1_1,GEN 13:18,Mamre_1_1,Mamre_1,Mamre,1,408,oaks of Mamre
GEN 13:18__Hebron_1_1,GEN 13:18,Hebron_1_1,Hebron_1,Hebron,1,409,
GEN 14:1__Shinar_1_1,GEN 14:1,Shinar_1_1,Shinar_1,Shinar,1,410,
GEN 14:1__Assyria_1_2,GEN 14:1,Assyria_1_2,Assyria_1,Ellasar,1,411,
GEN 14:1__Elam_1_1,GEN 14:1,Elam_1_1,Elam_1,Elam,1,412,
GEN 14:2__Sodom_1_1,GEN 14:2,Sodom_1_1,Sodom_1,Sodom,1,413,
GEN 14:2__Gomorrah_1_1,GEN 14:2,Gomorrah_1_1,Gomorrah_1,Gomorrah,1,414,
GEN 14:2__Admah_1_1,GEN 14:2,Admah_1_1,Admah_1,Admah,1,415,
GEN 14:2__Zeboiim_1_1,GEN 14:2,Zeboiim_1_1,Zeboiim_1,Zeboiim,1,416,
GEN 14:2__Zoar_1_2,GEN 14:2,Zoar_1_2,Zoar_1,Bela,1,417,
GEN 14:2__Zoar_1_1,GEN 14:2,Zoar_1_1,Zoar_1,Zoar,1,418,
GEN 14:3__Valley of Siddim_1_1,GEN 14:3,Valley of Siddim_1_1,Valley of Siddim_1,Valley of Siddim,1,419,
GEN 14:3__Salt Sea_1_2,GEN 14:3,Salt Sea_1_2,Salt Sea_1,Salt Sea,1,420,
GEN 14:4__NA,GEN 14:4,NA,NA,NA,,421,
GEN 14:5__Ashteroth-karnaim_1_1,GEN 14:5,Ashteroth-karnaim_1_1,Ashteroth-karnaim_1,Ashteroth-karnaim,1,422,
GEN 14:5__Ham_1_1,GEN 14:5,Ham_1_1,Ham_1,Ham,1,423,
GEN 14:5__Shaveh-kiriathaim_1_1,GEN 14:5,Shaveh-kiriathaim_1_1,Shaveh-kiriathaim_1,Shaveh-kiriathaim,1,424,
GEN 14:6__Mount Seir_1_1,GEN 14:6,Mount Seir_1_1,Mount Seir_1,Mount Seir,1,425,
GEN 14:6__El-paran_1_1,GEN 14:6,El-paran_1_1,El-paran_1,El-paran,1,426,
GEN 14:7__Kadesh_1_2,GEN 14:7,Kadesh_1_2,Kadesh_1,En-mishpat,1,427,
GEN 14:7__Kadesh_1_1,GEN 14:7,Kadesh_1_1,Kadesh_1,Kadesh,1,428,
GEN 14:7__Hazazon-tamar_1_1,GEN 14:7,Hazazon-tamar_1_1,Hazazon-tamar_1,Hazazon-tamar,1,429,
GEN 14:8__Sodom_1_1,GEN 14:8,Sodom_1_1,Sodom_1,Sodom,1,430,
GEN 14:8__Gomorrah_1_1,GEN 14:8,Gomorrah_1_1,Gomorrah_1,Gomorrah,1,431,
GEN 14:8__Admah_1_1,GEN 14:8,Admah_1_1,Admah_1,Admah,1,432,
GEN 14:8__Zeboiim_1_1,GEN 14:8,Zeboiim_1_1,Zeboiim_1,Zeboiim,1,433,
GEN 14:8__Zoar_1_2,GEN 14:8,Zoar_1_2,Zoar_1,Bela,1,434,
GEN 14:8__Zoar_1_1,GEN 14:8,Zoar_1_1,Zoar_1,Zoar,1,435,
GEN 14:8__Valley of Siddim_1_1,GEN 14:8,Valley of Siddim_1_1,Valley of Siddim_1,Valley of Siddim,1,436,
GEN 14:9__Elam_1_1,GEN 14:9,Elam_1_1,Elam_1,Elam,1,437,
GEN 14:9__Shinar_1_1,GEN 14:9,Shinar_1_1,Shinar_1,Shinar,1,438,
GEN 14:9__Assyria_1_2,GEN 14:9,Assyria_1_2,Assyria_1,Ellasar,1,439,
GEN 14:10__Valley of Siddim_1_1,GEN 14:10,Valley of Siddim_1_1,Valley of Siddim_1,Valley of Siddim,1,440,
GEN 14:10__Sodom_1_1,GEN 14:10,Sodom_1_1,Sodom_1,Sodom,1,441,
GEN 14:10__Gomorrah_1_1,GEN 14:10,Gomorrah_1_1,Gomorrah_1,Gomorrah,1,442,
GEN 14:11__Sodom_1_1,GEN 14:11,Sodom_1_1,Sodom_1,Sodom,1,443,
GEN 14:11__Gomorrah_1_1,GEN 14:11,Gomorrah_1_1,Gomorrah_1,Gomorrah,1,444,
GEN 14:12__Sodom_1_1,GEN 14:12,Sodom_1_1,Sodom_1,Sodom,1,445,
GEN 14:13__Mamre_1_1,GEN 14:13,Mamre_1_1,Mamre_1,Mamre,1,446,oaks of Mamre
GEN 14:14__Dan_1_1,GEN 14:14,Dan_1_1,Dan_1,Dan,1,447,
GEN 14:15__Hobah_1_1,GEN 14:15,Hobah_1_1,Hobah_1,Hobah,1,448,
GEN 14:15__Damascus_1_1,GEN 14:15,Damascus_1_1,Damascus_1,Damascus,1,449,
GEN 14:16__NA,GEN 14:16,NA,NA,NA,,450,
GEN 14:17__Sodom_1_1,GEN 14:17,Sodom_1_1,Sodom_1,Sodom,1,451,
GEN 14:17__King's Valley_1_2,GEN 14:17,King's Valley_1_2,King's Valley_1,Valley of Shaveh,1,452,
GEN 14:17__King's Valley_1_1,GEN 14:17,King's Valley_1_1,King's Valley_1,King's Valley,1,453,
GEN 14:18__Jerusalem_1_1,GEN 14:18,Jerusalem_1_1,Jerusalem_1,Salem,1,454,
GEN 14:19__heaven_1_1,GEN 14:19,heaven_1_1,heaven_1,heaven,1,455,the distinction drawn by the text is between heaven (the abode of stars) and earth (the planet)
GEN 14:19__Earth_1_1,GEN 14:19,Earth_1_1,Earth_1,Earth,1,456,
GEN 14:20__NA,GEN 14:20,NA,NA,NA,,457,
GEN 14:21__Sodom_1_1,GEN 14:21,Sodom_1_1,Sodom_1,Sodom,1,458,
GEN 14:22__Sodom_1_1,GEN 14:22,Sodom_1_1,Sodom_1,Sodom,1,459,
GEN 14:22__heaven_1_1,GEN 14:22,heaven_1_1,heaven_1,heaven,1,460,the distinction drawn by the text is between heaven (the abode of stars) and earth (the planet)
GEN 14:22__Earth_1_1,GEN 14:22,Earth_1_1,Earth_1,Earth,1,461,
GEN 14:23__NA,GEN 14:23,NA,NA,NA,,462,
GEN 14:24__NA,GEN 14:24,NA,NA,NA,,463,
GEN 15:1__NA,GEN 15:1,NA,NA,NA,,464,
GEN 15:2__Damascus_1_1,GEN 15:2,Damascus_1_1,Damascus_1,Damascus,1,465,Eliezer of Damascus
GEN 15:3__NA,GEN 15:3,NA,NA,NA,,466,
GEN 15:4__NA,GEN 15:4,NA,NA,NA,,467,
GEN 15:5__heaven_1_1,GEN 15:5,heaven_1_1,heaven_1,heaven,1,468,the context of counting the stars indicates heaven_1
GEN 15:6__NA,GEN 15:6,NA,NA,NA,,469,
GEN 15:7__Ur_1_1,GEN 15:7,Ur_1_1,Ur_1,Ur,1,470,
GEN 15:7__Chaldea_1_1,GEN 15:7,Chaldea_1_1,Chaldea_1,Chaldea,1,471,
GEN 15:8__NA,GEN 15:8,NA,NA,NA,,472,
GEN 15:9__NA,GEN 15:9,NA,NA,NA,,473,
GEN 15:10__NA,GEN 15:10,NA,NA,NA,,474,
GEN 15:11__NA,GEN 15:11,NA,NA,NA,,475,
GEN 15:12__NA,GEN 15:12,NA,NA,NA,,476,
GEN 15:13__NA,GEN 15:13,NA,NA,NA,,477,
GEN 15:14__NA,GEN 15:14,NA,NA,NA,,478,
GEN 15:15__NA,GEN 15:15,NA,NA,NA,,479,
GEN 15:16__NA,GEN 15:16,NA,NA,NA,,480,
GEN 15:17__NA,GEN 15:17,NA,NA,NA,,481,
GEN 15:18__Nile_1_1,GEN 15:18,Nile_1_1,Nile_1,River of Egypt,1,482,
GEN 15:18__Euphrates_1_2,GEN 15:18,Euphrates_1_2,Euphrates_1,the Great River,1,483,
GEN 15:18__Euphrates_1_1,GEN 15:18,Euphrates_1_1,Euphrates_1,Euphrates,1,484,
GEN 15:19__NA,GEN 15:19,NA,NA,NA,,485,
GEN 15:20__NA,GEN 15:20,NA,NA,NA,,486,
GEN 15:21__NA,GEN 15:21,NA,NA,NA,,487,
GEN 16:1__NA,GEN 16:1,NA,NA,NA,,488,
GEN 16:2__NA,GEN 16:2,NA,NA,NA,,489,
GEN 16:3__Canaan_1_1,GEN 16:3,Canaan_1_1,Canaan_1,Canaan,1,490,the land of Canaan
GEN 16:4__NA,GEN 16:4,NA,NA,NA,,491,
GEN 16:5__NA,GEN 16:5,NA,NA,NA,,492,
GEN 16:6__NA,GEN 16:6,NA,NA,NA,,493,
GEN 16:7__Shur_1_1,GEN 16:7,Shur_1_1,Shur_1,Shur,1,494,
GEN 16:8__NA,GEN 16:8,NA,NA,NA,,495,
GEN 16:9__NA,GEN 16:9,NA,NA,NA,,496,
GEN 16:10__NA,GEN 16:10,NA,NA,NA,,497,
GEN 16:11__NA,GEN 16:11,NA,NA,NA,,498,
GEN 16:12__NA,GEN 16:12,NA,NA,NA,,499,
GEN 16:13__NA,GEN 16:13,NA,NA,NA,,500,
GEN 16:14__Beer-lahai-roi_1_1,GEN 16:14,Beer-lahai-roi_1_1,Beer-lahai-roi_1,Beer-lahai-roi,1,501,
GEN 16:14__Kadesh_1_1,GEN 16:14,Kadesh_1_1,Kadesh_1,Kadesh,1,502,
GEN 16:14__Bered_1_1,GEN 16:14,Bered_1_1,Bered_1,Bered,1,503,
GEN 16:15__NA,GEN 16:15,NA,NA,NA,,504,
GEN 16:16__NA,GEN 16:16,NA,NA,NA,,505,
GEN 17:1__NA,GEN 17:1,NA,NA,NA,,506,
GEN 17:2__NA,GEN 17:2,NA,NA,NA,,507,
GEN 17:3__NA,GEN 17:3,NA,NA,NA,,508,
GEN 17:4__NA,GEN 17:4,NA,NA,NA,,509,
GEN 17:5__NA,GEN 17:5,NA,NA,NA,,510,
GEN 17:6__NA,GEN 17:6,NA,NA,NA,,511,
GEN 17:7__NA,GEN 17:7,NA,NA,NA,,512,
GEN 17:8__Canaan_1_1,GEN 17:8,Canaan_1_1,Canaan_1,Canaan,1,513,the land of Canaan
GEN 17:9__NA,GEN 17:9,NA,NA,NA,,514,
GEN 17:10__NA,GEN 17:10,NA,NA,NA,,515,
GEN 17:11__NA,GEN 17:11,NA,NA,NA,,516,
GEN 17:12__NA,GEN 17:12,NA,NA,NA,,517,
GEN 17:13__NA,GEN 17:13,NA,NA,NA,,518,
GEN 17:14__NA,GEN 17:14,NA,NA,NA,,519,
GEN 17:15__NA,GEN 17:15,NA,NA,NA,,520,
GEN 17:16__NA,GEN 17:16,NA,NA,NA,,521,
GEN 17:17__NA,GEN 17:17,NA,NA,NA,,522,
GEN 17:18__NA,GEN 17:18,NA,NA,NA,,523,
GEN 17:19__NA,GEN 17:19,NA,NA,NA,,524,
GEN 17:20__NA,GEN 17:20,NA,NA,NA,,525,
GEN 17:21__NA,GEN 17:21,NA,NA,NA,,526,
GEN 17:22__NA,GEN 17:22,NA,NA,NA,,527,
GEN 17:23__NA,GEN 17:23,NA,NA,NA,,528,
GEN 17:24__NA,GEN 17:24,NA,NA,NA,,529,
GEN 17:25__NA,GEN 17:25,NA,NA,NA,,530,
GEN 17:26__NA,GEN 17:26,NA,NA,NA,,531,
GEN 17:27__NA,GEN 17:27,NA,NA,NA,,532,
GEN 18:1__Mamre_1_1,GEN 18:1,Mamre_1_1,Mamre_1,Mamre,1,533,oaks of Mamre
GEN 18:2__NA,GEN 18:2,NA,NA,NA,,534,
GEN 18:3__NA,GEN 18:3,NA,NA,NA,,535,
GEN 18:4__NA,GEN 18:4,NA,NA,NA,,536,
GEN 18:5__NA,GEN 18:5,NA,NA,NA,,537,
GEN 18:6__NA,GEN 18:6,NA,NA,NA,,538,
GEN 18:7__NA,GEN 18:7,NA,NA,NA,,539,
GEN 18:8__NA,GEN 18:8,NA,NA,NA,,540,
GEN 18:9__NA,GEN 18:9,NA,NA,NA,,541,
GEN 18:10__NA,GEN 18:10,NA,NA,NA,,542,
GEN 18:11__NA,GEN 18:11,NA,NA,NA,,543,
GEN 18:12__NA,GEN 18:12,NA,NA,NA,,544,
GEN 18:13__NA,GEN 18:13,NA,NA,NA,,545,
GEN 18:14__NA,GEN 18:14,NA,NA,NA,,546,
GEN 18:15__NA,GEN 18:15,NA,NA,NA,,547,
GEN 18:16__NA,GEN 18:16,NA,NA,NA,,548,
GEN 18:17__NA,GEN 18:17,NA,NA,NA,,549,
GEN 18:18__NA,GEN 18:18,NA,NA,NA,,550,
GEN 18:19__NA,GEN 18:19,NA,NA,NA,,551,
GEN 18:20__Sodom_1_1,GEN 18:20,Sodom_1_1,Sodom_1,Sodom,1,552,
GEN 18:20__Gomorrah_1_1,GEN 18:20,Gomorrah_1_1,Gomorrah_1,Gomorrah,1,553,
GEN 18:21__NA,GEN 18:21,NA,NA,NA,,554,
GEN 18:22__Sodom_1_1,GEN 18:22,Sodom_1_1,Sodom_1,Sodom,1,555,
GEN 18:23__NA,GEN 18:23,NA,NA,NA,,556,
GEN 18:24__NA,GEN 18:24,NA,NA,NA,,557,
GEN 18:25__NA,GEN 18:25,NA,NA,NA,,558,
GEN 18:26__NA,GEN 18:26,NA,NA,NA,,559,
GEN 18:27__NA,GEN 18:27,NA,NA,NA,,560,
GEN 18:28__NA,GEN 18:28,NA,NA,NA,,561,
GEN 18:29__NA,GEN 18:29,NA,NA,NA,,562,
GEN 18:30__NA,GEN 18:30,NA,NA,NA,,563,
GEN 18:31__NA,GEN 18:31,NA,NA,NA,,564,
GEN 18:32__NA,GEN 18:32,NA,NA,NA,,565,
GEN 18:33__NA,GEN 18:33,NA,NA,NA,,566,
GEN 19:1__Sodom_1_1,GEN 19:1,Sodom_1_1,Sodom_1,Sodom,2,567,
GEN 19:2__NA,GEN 19:2,NA,NA,NA,,568,
GEN 19:3__NA,GEN 19:3,NA,NA,NA,,569,
GEN 19:4__Sodom_1_1,GEN 19:4,Sodom_1_1,Sodom_1,Sodom,1,570,the men of Sodom
GEN 19:5__NA,GEN 19:5,NA,NA,NA,,571,
GEN 19:6__NA,GEN 19:6,NA,NA,NA,,572,
GEN 19:7__NA,GEN 19:7,NA,NA,NA,,573,
GEN 19:8__NA,GEN 19:8,NA,NA,NA,,574,
GEN 19:9__NA,GEN 19:9,NA,NA,NA,,575,
GEN 19:10__NA,GEN 19:10,NA,NA,NA,,576,
GEN 19:11__NA,GEN 19:11,NA,NA,NA,,577,
GEN 19:12__NA,GEN 19:12,NA,NA,NA,,578,
GEN 19:13__NA,GEN 19:13,NA,NA,NA,,579,
GEN 19:14__NA,GEN 19:14,NA,NA,NA,,580,
GEN 19:15__NA,GEN 19:15,NA,NA,NA,,581,
GEN 19:16__NA,GEN 19:16,NA,NA,NA,,582,
GEN 19:17__NA,GEN 19:17,NA,NA,NA,,583,
GEN 19:18__NA,GEN 19:18,NA,NA,NA,,584,
GEN 19:19__NA,GEN 19:19,NA,NA,NA,,585,
GEN 19:20__NA,GEN 19:20,NA,NA,NA,,586,
GEN 19:21__NA,GEN 19:21,NA,NA,NA,,587,
GEN 19:22__Zoar_1_1,GEN 19:22,Zoar_1_1,Zoar_1,Zoar,1,588,
GEN 19:23__Zoar_1_1,GEN 19:23,Zoar_1_1,Zoar_1,Zoar,1,589,
GEN 19:24__Sodom_1_1,GEN 19:24,Sodom_1_1,Sodom_1,Sodom,1,590,
GEN 19:24__Gomorrah_1_1,GEN 19:24,Gomorrah_1_1,Gomorrah_1,Gomorrah,1,591,
GEN 19:24__heaven_1_1,GEN 19:24,heaven_1_1,heaven_1,heaven,1,592,
GEN 19:25__NA,GEN 19:25,NA,NA,NA,,593,
GEN 19:26__NA,GEN 19:26,NA,NA,NA,,594,
GEN 19:27__NA,GEN 19:27,NA,NA,NA,,595,
GEN 19:28__Sodom_1_1,GEN 19:28,Sodom_1_1,Sodom_1,Sodom,1,596,
GEN 19:28__Gomorrah_1_1,GEN 19:28,Gomorrah_1_1,Gomorrah_1,Gomorrah,1,597,
GEN 19:29__Zoar_1_1,GEN 19:29,Zoar_1_1,Zoar_1,Zoar,2,598,
GEN 19:30__NA,GEN 19:30,NA,NA,NA,,599,
GEN 19:31__NA,GEN 19:31,NA,NA,NA,,600,
GEN 19:32__NA,GEN 19:32,NA,NA,NA,,601,
GEN 19:33__NA,GEN 19:33,NA,NA,NA,,602,
GEN 19:34__NA,GEN 19:34,NA,NA,NA,,603,
GEN 19:35__NA,GEN 19:35,NA,NA,NA,,604,
GEN 19:36__NA,GEN 19:36,NA,NA,NA,,605,
GEN 19:37__NA,GEN 19:37,NA,NA,NA,,606,Moab here is the person rather than the location
GEN 19:38__NA,GEN 19:38,NA,NA,NA,,607,Ammon here is the person rather than the location
GEN 20:1__Negev_1_1,GEN 20:1,Negev_1_1,Negev_1,Negev,1,608,
GEN 20:1__Kadesh_1_1,GEN 20:1,Kadesh_1_1,Kadesh_1,Kadesh,1,609,
GEN 20:1__Shur_1_1,GEN 20:1,Shur_1_1,Shur_1,Shur,1,610,
GEN 20:1__Gerar_1_1,GEN 20:1,Gerar_1_1,Gerar_1,Gerar,1,611,
GEN 20:2__Gerar_1_1,GEN 20:2,Gerar_1_1,Gerar_1,Gerar,1,612,
GEN 20:3__NA,GEN 20:3,NA,NA,NA,,613,
GEN 20:4__NA,GEN 20:4,NA,NA,NA,,614,
GEN 20:5__NA,GEN 20:5,NA,NA,NA,,615,
GEN 20:6__NA,GEN 20:6,NA,NA,NA,,616,
GEN 20:7__NA,GEN 20:7,NA,NA,NA,,617,
GEN 20:8__NA,GEN 20:8,NA,NA,NA,,618,
GEN 20:9__NA,GEN 20:9,NA,NA,NA,,619,
GEN 20:10__NA,GEN 20:10,NA,NA,NA,,620,
GEN 20:11__NA,GEN 20:11,NA,NA,NA,,621,
GEN 20:12__NA,GEN 20:12,NA,NA,NA,,622,
GEN 20:13__NA,GEN 20:13,NA,NA,NA,,623,
GEN 20:14__NA,GEN 20:14,NA,NA,NA,,624,
GEN 20:15__NA,GEN 20:15,NA,NA,NA,,625,
GEN 20:16__NA,GEN 20:16,NA,NA,NA,,626,
GEN 20:17__NA,GEN 20:17,NA,NA,NA,,627,
GEN 20:18__NA,GEN 20:18,NA,NA,NA,,628,
GEN 21:1__NA,GEN 21:1,NA,NA,NA,,629,
GEN 21:2__NA,GEN 21:2,NA,NA,NA,,630,
GEN 21:3__NA,GEN 21:3,NA,NA,NA,,631,
GEN 21:4__NA,GEN 21:4,NA,NA,NA,,632,
GEN 21:5__NA,GEN 21:5,NA,NA,NA,,633,
GEN 21:6__NA,GEN 21:6,NA,NA,NA,,634,
GEN 21:7__NA,GEN 21:7,NA,NA,NA,,635,
GEN 21:8__NA,GEN 21:8,NA,NA,NA,,636,
GEN 21:9__NA,GEN 21:9,NA,NA,NA,,637,
GEN 21:10__NA,GEN 21:10,NA,NA,NA,,638,
GEN 21:11__NA,GEN 21:11,NA,NA,NA,,639,
GEN 21:12__NA,GEN 21:12,NA,NA,NA,,640,
GEN 21:13__NA,GEN 21:13,NA,NA,NA,,641,
GEN 21:14__Beersheba_1_1,GEN 21:14,Beersheba_1_1,Beersheba_1,Beersheba,1,642,wilderness of Beersheba
GEN 21:15__NA,GEN 21:15,NA,NA,NA,,643,
GEN 21:16__NA,GEN 21:16,NA,NA,NA,,644,
GEN 21:17__heaven_2_1,GEN 21:17,heaven_2_1,heaven_2,heaven,1,645,a voice from the sky rather than outer space or a spiritual abode?
GEN 21:18__NA,GEN 21:18,NA,NA,NA,,646,
GEN 21:19__NA,GEN 21:19,NA,NA,NA,,647,
GEN 21:20__NA,GEN 21:20,NA,NA,NA,,648,
GEN 21:21__Paran_1_1,GEN 21:21,Paran_1_1,Paran_1,Paran,1,649,wilderness of Paran
GEN 21:21__Egypt_1_1,GEN 21:21,Egypt_1_1,Egypt_1,Egypt,1,650,the land of Egypt
GEN 21:22__NA,GEN 21:22,NA,NA,NA,,651,
GEN 21:23__NA,GEN 21:23,NA,NA,NA,,652,
GEN 21:24__NA,GEN 21:24,NA,NA,NA,,653,
GEN 21:25__NA,GEN 21:25,NA,NA,NA,,654,
GEN 21:26__NA,GEN 21:26,NA,NA,NA,,655,
GEN 21:27__NA,GEN 21:27,NA,NA,NA,,656,
GEN 21:28__NA,GEN 21:28,NA,NA,NA,,657,
GEN 21:29__NA,GEN 21:29,NA,NA,NA,,658,
GEN 21:30__NA,GEN 21:30,NA,NA,NA,,659,
GEN 21:31__Beersheba_1_1,GEN 21:31,Beersheba_1_1,Beersheba_1,Beersheba,1,660,
GEN 21:32__Beersheba_1_1,GEN 21:32,Beersheba_1_1,Beersheba_1,Beersheba,1,661,
GEN 21:33__Beersheba_1_1,GEN 21:33,Beersheba_1_1,Beersheba_1,Beersheba,1,662,
GEN 21:34__NA,GEN 21:34,NA,NA,NA,,663,
GEN 22:1__NA,GEN 22:1,NA,NA,NA,,664,
GEN 22:2__Moriah_1_1,GEN 22:2,Moriah_1_1,Moriah_1,Moriah,1,665,
GEN 22:3__NA,GEN 22:3,NA,NA,NA,,666,
GEN 22:4__NA,GEN 22:4,NA,NA,NA,,667,
GEN 22:5__NA,GEN 22:5,NA,NA,NA,,668,
GEN 22:6__NA,GEN 22:6,NA,NA,NA,,669,
GEN 22:7__NA,GEN 22:7,NA,NA,NA,,670,
GEN 22:8__NA,GEN 22:8,NA,NA,NA,,671,
GEN 22:9__NA,GEN 22:9,NA,NA,NA,,672,
GEN 22:10__NA,GEN 22:10,NA,NA,NA,,673,
GEN 22:11__heaven_2_1,GEN 22:11,heaven_2_1,heaven_2,heaven,1,674,a voice from the sky rather than a spiritual abode?
GEN 22:12__NA,GEN 22:12,NA,NA,NA,,675,
GEN 22:13__NA,GEN 22:13,NA,NA,NA,,676,
GEN 22:14__The LORD Will Provide_1_1,GEN 22:14,The LORD Will Provide_1_1,The LORD Will Provide_1,The LORD Will Provide,1,677,
GEN 22:15__heaven_2_1,GEN 22:15,heaven_2_1,heaven_2,heaven,1,678,a voice from the sky rather than outer space or a spiritual abode?
GEN 22:16__NA,GEN 22:16,NA,NA,NA,,679,
GEN 22:17__heaven_1_1,GEN 22:17,heaven_1_1,heaven_1,heaven,1,680,the place of the stars
GEN 22:18__NA,GEN 22:18,NA,NA,NA,,681,
GEN 22:19__Beersheba_1_1,GEN 22:19,Beersheba_1_1,Beersheba_1,Beersheba,2,682,
GEN 22:20__NA,GEN 22:20,NA,NA,NA,,683,
GEN 22:21__NA,GEN 22:21,NA,NA,NA,,684,
GEN 22:22__NA,GEN 22:22,NA,NA,NA,,685,
GEN 22:23__NA,GEN 22:23,NA,NA,NA,,686,
GEN 22:24__NA,GEN 22:24,NA,NA,NA,,687,
GEN 23:1__NA,GEN 23:1,NA,NA,NA,,688,
GEN 23:2__Hebron_1_2,GEN 23:2,Hebron_1_2,Hebron_1,Kiriath-arba,1,689,
GEN 23:2__Hebron_1_1,GEN 23:2,Hebron_1_1,Hebron_1,Hebron,1,690,
GEN 23:2__Canaan_1_1,GEN 23:2,Canaan_1_1,Canaan_1,Canaan,1,691,the land of Canaan
GEN 23:3__NA,GEN 23:3,NA,NA,NA,,692,
GEN 23:4__NA,GEN 23:4,NA,NA,NA,,693,
GEN 23:5__NA,GEN 23:5,NA,NA,NA,,694,
GEN 23:6__NA,GEN 23:6,NA,NA,NA,,695,
GEN 23:7__NA,GEN 23:7,NA,NA,NA,,696,
GEN 23:8__NA,GEN 23:8,NA,NA,NA,,697,
GEN 23:9__Machpelah_1_1,GEN 23:9,Machpelah_1_1,Machpelah_1,Machpelah,1,698,cave of Machpelah
GEN 23:10__NA,GEN 23:10,NA,NA,NA,,699,
GEN 23:11__NA,GEN 23:11,NA,NA,NA,,700,
GEN 23:12__NA,GEN 23:12,NA,NA,NA,,701,
GEN 23:13__NA,GEN 23:13,NA,NA,NA,,702,
GEN 23:14__NA,GEN 23:14,NA,NA,NA,,703,
GEN 23:15__NA,GEN 23:15,NA,NA,NA,,704,
GEN 23:16__NA,GEN 23:16,NA,NA,NA,,705,
GEN 23:17__Machpelah_1_1,GEN 23:17,Machpelah_1_1,Machpelah_1,Machpelah,1,706,
GEN 23:17__Mamre_1_1,GEN 23:17,Mamre_1_1,Mamre_1,Mamre,1,707,
GEN 23:18__NA,GEN 23:18,NA,NA,NA,,708,
GEN 23:19__Machpelah_1_1,GEN 23:19,Machpelah_1_1,Machpelah_1,Machpelah,1,709,
GEN 23:19__Mamre_1_1,GEN 23:19,Mamre_1_1,Mamre_1,Mamre,1,710,
GEN 23:19__Hebron_1_1,GEN 23:19,Hebron_1_1,Hebron_1,Hebron,1,711,the connection Hebron is with Machpelah rather than Mamre
GEN 23:19__Canaan_1_1,GEN 23:19,Canaan_1_1,Canaan_1,Canaan,1,712,the land of Canaan
GEN 23:20__NA,GEN 23:20,NA,NA,NA,,713,
GEN 24:1__NA,GEN 24:1,NA,NA,NA,,714,
GEN 24:2__NA,GEN 24:2,NA,NA,NA,,715,
GEN 24:3__NA,GEN 24:3,NA,NA,NA,,716,
GEN 24:4__NA,GEN 24:4,NA,NA,NA,,717,
GEN 24:5__NA,GEN 24:5,NA,NA,NA,,718,
GEN 24:6__NA,GEN 24:6,NA,NA,NA,,719,
GEN 24:7__heaven_1_1,GEN 24:7,heaven_1_1,heaven_1,heaven,1,720,the place of the stars (see GEN 15:5)
GEN 24:8__NA,GEN 24:8,NA,NA,NA,,721,
GEN 24:9__NA,GEN 24:9,NA,NA,NA,,722,
GEN 24:10__Mesopotamia_1_1,GEN 24:10,Mesopotamia_1_1,Mesopotamia_1,Mesopotamia,1,723,
GEN 24:10__Nahor_1_1,GEN 24:10,Nahor_1_1,Nahor_1,Nahor,1,724,
GEN 24:11__NA,GEN 24:11,NA,NA,NA,,725,
GEN 24:12__NA,GEN 24:12,NA,NA,NA,,726,
GEN 24:13__NA,GEN 24:13,NA,NA,NA,,727,
GEN 24:14__NA,GEN 24:14,NA,NA,NA,,728,
GEN 24:15__NA,GEN 24:15,NA,NA,NA,,729,
GEN 24:16__NA,GEN 24:16,NA,NA,NA,,730,
GEN 24:17__NA,GEN 24:17,NA,NA,NA,,731,
GEN 24:18__NA,GEN 24:18,NA,NA,NA,,732,
GEN 24:19__NA,GEN 24:19,NA,NA,NA,,733,
GEN 24:20__NA,GEN 24:20,NA,NA,NA,,734,
GEN 24:21__NA,GEN 24:21,NA,NA,NA,,735,
GEN 24:22__NA,GEN 24:22,NA,NA,NA,,736,
GEN 24:23__NA,GEN 24:23,NA,NA,NA,,737,
GEN 24:24__NA,GEN 24:24,NA,NA,NA,,738,
GEN 24:25__NA,GEN 24:25,NA,NA,NA,,739,
GEN 24:26__NA,GEN 24:26,NA,NA,NA,,740,
GEN 24:27__NA,GEN 24:27,NA,NA,NA,,741,
GEN 24:28__NA,GEN 24:28,NA,NA,NA,,742,
GEN 24:29__NA,GEN 24:29,NA,NA,NA,,743,
GEN 24:30__NA,GEN 24:30,NA,NA,NA,,744,
GEN 24:31__NA,GEN 24:31,NA,NA,NA,,745,
GEN 24:32__NA,GEN 24:32,NA,NA,NA,,746,
GEN 24:33__NA,GEN 24:33,NA,NA,NA,,747,
GEN 24:34__NA,GEN 24:34,NA,NA,NA,,748,
GEN 24:35__NA,GEN 24:35,NA,NA,NA,,749,
GEN 24:36__NA,GEN 24:36,NA,NA,NA,,750,
GEN 24:37__NA,GEN 24:37,NA,NA,NA,,751,
GEN 24:38__NA,GEN 24:38,NA,NA,NA,,752,
GEN 24:39__NA,GEN 24:39,NA,NA,NA,,753,
GEN 24:40__NA,GEN 24:40,NA,NA,NA,,754,
GEN 24:41__NA,GEN 24:41,NA,NA,NA,,755,
GEN 24:42__NA,GEN 24:42,NA,NA,NA,,756,
GEN 24:43__NA,GEN 24:43,NA,NA,NA,,757,
GEN 24:44__NA,GEN 24:44,NA,NA,NA,,758,
GEN 24:45__NA,GEN 24:45,NA,NA,NA,,759,
GEN 24:46__NA,GEN 24:46,NA,NA,NA,,760,
GEN 24:47__NA,GEN 24:47,NA,NA,NA,,761,
GEN 24:48__NA,GEN 24:48,NA,NA,NA,,762,
GEN 24:49__NA,GEN 24:49,NA,NA,NA,,763,
GEN 24:50__NA,GEN 24:50,NA,NA,NA,,764,
GEN 24:51__NA,GEN 24:51,NA,NA,NA,,765,
GEN 24:52__NA,GEN 24:52,NA,NA,NA,,766,
GEN 24:53__NA,GEN 24:53,NA,NA,NA,,767,
GEN 24:54__NA,GEN 24:54,NA,NA,NA,,768,
GEN 24:55__NA,GEN 24:55,NA,NA,NA,,769,
GEN 24:56__NA,GEN 24:56,NA,NA,NA,,770,
GEN 24:57__NA,GEN 24:57,NA,NA,NA,,771,
GEN 24:58__NA,GEN 24:58,NA,NA,NA,,772,
GEN 24:59__NA,GEN 24:59,NA,NA,NA,,773,
GEN 24:60__NA,GEN 24:60,NA,NA,NA,,774,
GEN 24:61__NA,GEN 24:61,NA,NA,NA,,775,
GEN 24:62__Beer-lahai-roi_1_1,GEN 24:62,Beer-lahai-roi_1_1,Beer-lahai-roi_1,Beer-lahai-roi,1,776,
GEN 24:62__Negev_1_1,GEN 24:62,Negev_1_1,Negev_1,Negev,1,777,
GEN 24:63__NA,GEN 24:63,NA,NA,NA,,778,
GEN 24:64__NA,GEN 24:64,NA,NA,NA,,779,
GEN 24:65__NA,GEN 24:65,NA,NA,NA,,780,
GEN 24:66__NA,GEN 24:66,NA,NA,NA,,781,
GEN 24:67__NA,GEN 24:67,NA,NA,NA,,782,
GEN 25:1__NA,GEN 25:1,NA,NA,NA,,783,
GEN 25:2__NA,GEN 25:2,NA,NA,NA,,784,
GEN 25:3__NA,GEN 25:3,NA,NA,NA,,785,
GEN 25:4__NA,GEN 25:4,NA,NA,NA,,786,
GEN 25:5__NA,GEN 25:5,NA,NA,NA,,787,
GEN 25:6__Land of the East_1_1,GEN 25:6,Land of the East_1_1,Land of the East_1,Land of the East,1,788,
GEN 25:7__NA,GEN 25:7,NA,NA,NA,,789,
GEN 25:8__NA,GEN 25:8,NA,NA,NA,,790,
GEN 25:9__Machpelah_1_1,GEN 25:9,Machpelah_1_1,Machpelah_1,Machpelah,1,791,
GEN 25:9__Mamre_1_1,GEN 25:9,Mamre_1_1,Mamre_1,Mamre,1,792,
GEN 25:10__NA,GEN 25:10,NA,NA,NA,,793,
GEN 25:11__Beer-lahai-roi_1_1,GEN 25:11,Beer-lahai-roi_1_1,Beer-lahai-roi_1,Beer-lahai-roi,1,794,
GEN 25:12__NA,GEN 25:12,NA,NA,NA,,795,
GEN 25:13__NA,GEN 25:13,NA,NA,NA,,796,
GEN 25:14__NA,GEN 25:14,NA,NA,NA,,797,
GEN 25:15__NA,GEN 25:15,NA,NA,NA,,798,
GEN 25:16__NA,GEN 25:16,NA,NA,NA,,799,
GEN 25:17__NA,GEN 25:17,NA,NA,NA,,800,
GEN 25:18__Havilah_2_1,GEN 25:18,Havilah_2_1,Havilah_2,Havilah,1,801,
GEN 25:18__Mount Seir_1_1,GEN 25:18,Mount Seir_1_1,Mount Seir_1,Mount Seir,1,802,
GEN 25:18__Egypt_1_1,GEN 25:18,Egypt_1_1,Egypt_1,Egypt,1,803,
GEN 25:18__Assyria_1_1,GEN 25:18,Assyria_1_1,Assyria_1,Assyria,1,804,
GEN 25:19__NA,GEN 25:19,NA,NA,NA,,805,
GEN 25:20__Paddan-aram_1_1,GEN 25:20,Paddan-aram_1_1,Paddan-aram_1,Paddan-aram,1,806,
GEN 25:21__NA,GEN 25:21,NA,NA,NA,,807,
GEN 25:22__NA,GEN 25:22,NA,NA,NA,,808,
GEN 25:23__NA,GEN 25:23,NA,NA,NA,,809,
GEN 25:24__NA,GEN 25:24,NA,NA,NA,,810,
GEN 25:25__NA,GEN 25:25,NA,NA,NA,,811,
GEN 25:26__NA,GEN 25:26,NA,NA,NA,,812,
GEN 25:27__NA,GEN 25:27,NA,NA,NA,,813,
GEN 25:28__NA,GEN 25:28,NA,NA,NA,,814,
GEN 25:29__NA,GEN 25:29,NA,NA,NA,,815,
GEN 25:30__NA,GEN 25:30,NA,NA,NA,,816,
GEN 25:31__NA,GEN 25:31,NA,NA,NA,,817,
GEN 25:32__NA,GEN 25:32,NA,NA,NA,,818,
GEN 25:33__NA,GEN 25:33,NA,NA,NA,,819,
GEN 25:34__NA,GEN 25:34,NA,NA,NA,,820,
GEN 26:1__Gerar_1_1,GEN 26:1,Gerar_1_1,Gerar_1,Gerar,1,821,
GEN 26:2__Egypt_1_1,GEN 26:2,Egypt_1_1,Egypt_1,Egypt,1,822,
GEN 26:3__NA,GEN 26:3,NA,NA,NA,,823,
GEN 26:4__NA,GEN 26:4,NA,NA,NA,,824,
GEN 26:5__NA,GEN 26:5,NA,NA,NA,,825,
GEN 26:6__Gerar_1_1,GEN 26:6,Gerar_1_1,Gerar_1,Gerar,1,826,
GEN 26:7__NA,GEN 26:7,NA,NA,NA,,827,
GEN 26:8__NA,GEN 26:8,NA,NA,NA,,828,
GEN 26:9__NA,GEN 26:9,NA,NA,NA,,829,
GEN 26:10__NA,GEN 26:10,NA,NA,NA,,830,
GEN 26:11__NA,GEN 26:11,NA,NA,NA,,831,
GEN 26:12__NA,GEN 26:12,NA,NA,NA,,832,
GEN 26:13__NA,GEN 26:13,NA,NA,NA,,833,
GEN 26:14__NA,GEN 26:14,NA,NA,NA,,834,
GEN 26:15__NA,GEN 26:15,NA,NA,NA,,835,
GEN 26:16__NA,GEN 26:16,NA,NA,NA,,836,
GEN 26:17__Gerar_1_1,GEN 26:17,Gerar_1_1,Gerar_1,Gerar,1,837,the valley of Gerar
GEN 26:18__NA,GEN 26:18,NA,NA,NA,,838,
GEN 26:19__NA,GEN 26:19,NA,NA,NA,,839,
GEN 26:20__Gerar_1_1,GEN 26:20,Gerar_1_1,Gerar_1,Gerar,1,840,
GEN 26:20__Esek_1_1,GEN 26:20,Esek_1_1,Esek_1,Esek,1,841,
GEN 26:21__Sitnah_1_1,GEN 26:21,Sitnah_1_1,Sitnah_1,Sitnah,1,842,
GEN 26:22__Rehoboth_1_1,GEN 26:22,Rehoboth_1_1,Rehoboth_1,Rehoboth,1,843,
GEN 26:23__Beersheba_1_1,GEN 26:23,Beersheba_1_1,Beersheba_1,Beersheba,1,844,
GEN 26:24__NA,GEN 26:24,NA,NA,NA,,845,
GEN 26:25__NA,GEN 26:25,NA,NA,NA,,846,
GEN 26:26__Gerar_1_1,GEN 26:26,Gerar_1_1,Gerar_1,Gerar,1,847,
GEN 26:27__NA,GEN 26:27,NA,NA,NA,,848,
GEN 26:28__NA,GEN 26:28,NA,NA,NA,,849,
GEN 26:29__NA,GEN 26:29,NA,NA,NA,,850,
GEN 26:30__NA,GEN 26:30,NA,NA,NA,,851,
GEN 26:31__NA,GEN 26:31,NA,NA,NA,,852,
GEN 26:32__NA,GEN 26:32,NA,NA,NA,,853,
GEN 26:33__Shiba_1_1,GEN 26:33,Shiba_1_1,Shiba_1,Shiba,1,854,
GEN 26:33__Beersheba_1_1,GEN 26:33,Beersheba_1_1,Beersheba_1,Beersheba,1,855,
GEN 26:34__NA,GEN 26:34,NA,NA,NA,,856,
GEN 26:35__NA,GEN 26:35,NA,NA,NA,,857,
GEN 27:1__NA,GEN 27:1,NA,NA,NA,,858,
GEN 27:2__NA,GEN 27:2,NA,NA,NA,,859,
GEN 27:3__NA,GEN 27:3,NA,NA,NA,,860,
GEN 27:4__NA,GEN 27:4,NA,NA,NA,,861,
GEN 27:5__NA,GEN 27:5,NA,NA,NA,,862,
GEN 27:6__NA,GEN 27:6,NA,NA,NA,,863,
GEN 27:7__NA,GEN 27:7,NA,NA,NA,,864,
GEN 27:8__NA,GEN 27:8,NA,NA,NA,,865,
GEN 27:9__NA,GEN 27:9,NA,NA,NA,,866,
GEN 27:10__NA,GEN 27:10,NA,NA,NA,,867,
GEN 27:11__NA,GEN 27:11,NA,NA,NA,,868,
GEN 27:12__NA,GEN 27:12,NA,NA,NA,,869,
GEN 27:13__NA,GEN 27:13,NA,NA,NA,,870,
GEN 27:14__NA,GEN 27:14,NA,NA,NA,,871,
GEN 27:15__NA,GEN 27:15,NA,NA,NA,,872,
GEN 27:16__NA,GEN 27:16,NA,NA,NA,,873,
GEN 27:17__NA,GEN 27:17,NA,NA,NA,,874,
GEN 27:18__NA,GEN 27:18,NA,NA,NA,,875,
GEN 27:19__NA,GEN 27:19,NA,NA,NA,,876,
GEN 27:20__NA,GEN 27:20,NA,NA,NA,,877,
GEN 27:21__NA,GEN 27:21,NA,NA,NA,,878,
GEN 27:22__NA,GEN 27:22,NA,NA,NA,,879,
GEN 27:23__NA,GEN 27:23,NA,NA,NA,,880,
GEN 27:24__NA,GEN 27:24,NA,NA,NA,,881,
GEN 27:25__NA,GEN 27:25,NA,NA,NA,,882,
GEN 27:26__NA,GEN 27:26,NA,NA,NA,,883,
GEN 27:27__NA,GEN 27:27,NA,NA,NA,,884,
GEN 27:28__heaven_2_1,GEN 27:28,heaven_2_1,heaven_2,heaven,1,885,dew of heaven
GEN 27:28__earth_2_2,GEN 27:28,earth_2_2,earth_2,earth,1,886,fatness of the earth
GEN 27:29__NA,GEN 27:29,NA,NA,NA,,887,
GEN 27:30__NA,GEN 27:30,NA,NA,NA,,888,
GEN 27:31__NA,GEN 27:31,NA,NA,NA,,889,
GEN 27:32__NA,GEN 27:32,NA,NA,NA,,890,
GEN 27:33__NA,GEN 27:33,NA,NA,NA,,891,
GEN 27:34__NA,GEN 27:34,NA,NA,NA,,892,
GEN 27:35__NA,GEN 27:35,NA,NA,NA,,893,
GEN 27:36__NA,GEN 27:36,NA,NA,NA,,894,
GEN 27:37__NA,GEN 27:37,NA,NA,NA,,895,
GEN 27:38__NA,GEN 27:38,NA,NA,NA,,896,
GEN 27:39__earth_2_2,GEN 27:39,earth_2_2,earth_2,earth,1,897,fatness of the earth
GEN 27:39__heaven_2_1,GEN 27:39,heaven_2_1,heaven_2,heaven,1,898,dew of heaven
GEN 27:40__NA,GEN 27:40,NA,NA,NA,,899,
GEN 27:41__NA,GEN 27:41,NA,NA,NA,,900,
GEN 27:42__NA,GEN 27:42,NA,NA,NA,,901,
GEN 27:43__Haran_1_1,GEN 27:43,Haran_1_1,Haran_1,Haran,1,902,
GEN 27:44__NA,GEN 27:44,NA,NA,NA,,903,
GEN 27:45__NA,GEN 27:45,NA,NA,NA,,904,
GEN 27:46__NA,GEN 27:46,NA,NA,NA,,905,
GEN 28:1__NA,GEN 28:1,NA,NA,NA,,906,Canaan here is the individual rather than the location
GEN 28:2__Paddan-aram_1_1,GEN 28:2,Paddan-aram_1_1,Paddan-aram_1,Paddan-aram,1,907,
GEN 28:3__NA,GEN 28:3,NA,NA,NA,,908,
GEN 28:4__NA,GEN 28:4,NA,NA,NA,,909,
GEN 28:5__Paddan-aram_1_1,GEN 28:5,Paddan-aram_1_1,Paddan-aram_1,Paddan-aram,1,910,
GEN 28:6__Paddan-aram_1_1,GEN 28:6,Paddan-aram_1_1,Paddan-aram_1,Paddan-aram,1,911,
GEN 28:7__Paddan-aram_1_1,GEN 28:7,Paddan-aram_1_1,Paddan-aram_1,Paddan-aram,1,912,
GEN 28:8__NA,GEN 28:8,NA,NA,NA,,913,Canaan here is the individual rather than the location
GEN 28:9__NA,GEN 28:9,NA,NA,NA,,914,
GEN 28:10__Beersheba_1_1,GEN 28:10,Beersheba_1_1,Beersheba_1,Beersheba,1,915,
GEN 28:10__Haran_1_1,GEN 28:10,Haran_1_1,Haran_1,Haran,1,916,
GEN 28:11__NA,GEN 28:11,NA,NA,NA,,917,
GEN 28:12__NA,GEN 28:12,NA,NA,NA,,918,
GEN 28:13__NA,GEN 28:13,NA,NA,NA,,919,
GEN 28:14__NA,GEN 28:14,NA,NA,NA,,920,
GEN 28:15__NA,GEN 28:15,NA,NA,NA,,921,
GEN 28:16__NA,GEN 28:16,NA,NA,NA,,922,
GEN 28:17__NA,GEN 28:17,NA,NA,NA,,923,
GEN 28:18__NA,GEN 28:18,NA,NA,NA,,924,
GEN 28:19__Bethel_1_1,GEN 28:19,Bethel_1_1,Bethel_1,Bethel,1,925,
GEN 28:19__Bethel_1_2,GEN 28:19,Bethel_1_2,Bethel_1,Luz,1,926,
GEN 28:20__NA,GEN 28:20,NA,NA,NA,,927,
GEN 28:21__NA,GEN 28:21,NA,NA,NA,,928,
GEN 28:22__NA,GEN 28:22,NA,NA,NA,,929,
GEN 29:1__Land of the East_1_1,GEN 29:1,Land of the East_1_1,Land of the East_1,Land of the East,1,930,land of the sons of the east
GEN 29:2__NA,GEN 29:2,NA,NA,NA,,931,
GEN 29:3__NA,GEN 29:3,NA,NA,NA,,932,
GEN 29:4__Haran_1_1,GEN 29:4,Haran_1_1,Haran_1,Haran,1,933,
GEN 29:5__NA,GEN 29:5,NA,NA,NA,,934,
GEN 29:6__NA,GEN 29:6,NA,NA,NA,,935,
GEN 29:7__NA,GEN 29:7,NA,NA,NA,,936,
GEN 29:8__NA,GEN 29:8,NA,NA,NA,,937,
GEN 29:9__NA,GEN 29:9,NA,NA,NA,,938,
GEN 29:10__NA,GEN 29:10,NA,NA,NA,,939,
GEN 29:11__NA,GEN 29:11,NA,NA,NA,,940,
GEN 29:12__NA,GEN 29:12,NA,NA,NA,,941,
GEN 29:13__NA,GEN 29:13,NA,NA,NA,,942,
GEN 29:14__NA,GEN 29:14,NA,NA,NA,,943,
GEN 29:15__NA,GEN 29:15,NA,NA,NA,,944,
GEN 29:16__NA,GEN 29:16,NA,NA,NA,,945,
GEN 29:17__NA,GEN 29:17,NA,NA,NA,,946,
GEN 29:18__NA,GEN 29:18,NA,NA,NA,,947,
GEN 29:19__NA,GEN 29:19,NA,NA,NA,,948,
GEN 29:20__NA,GEN 29:20,NA,NA,NA,,949,
GEN 29:21__NA,GEN 29:21,NA,NA,NA,,950,
GEN 29:22__NA,GEN 29:22,NA,NA,NA,,951,
GEN 29:23__NA,GEN 29:23,NA,NA,NA,,952,
GEN 29:24__NA,GEN 29:24,NA,NA,NA,,953,
GEN 29:25__NA,GEN 29:25,NA,NA,NA,,954,
GEN 29:26__NA,GEN 29:26,NA,NA,NA,,955,
GEN 29:27__NA,GEN 29:27,NA,NA,NA,,956,
GEN 29:28__NA,GEN 29:28,NA,NA,NA,,957,
GEN 29:29__NA,GEN 29:29,NA,NA,NA,,958,
GEN 29:30__NA,GEN 29:30,NA,NA,NA,,959,
GEN 29:31__NA,GEN 29:31,NA,NA,NA,,960,
GEN 29:32__NA,GEN 29:32,NA,NA,NA,,961,
GEN 29:33__NA,GEN 29:33,NA,NA,NA,,962,
GEN 29:34__NA,GEN 29:34,NA,NA,NA,,963,
GEN 29:35__NA,GEN 29:35,NA,NA,NA,,964,
GEN 30:1__NA,GEN 30:1,NA,NA,NA,,965,
GEN 30:2__NA,GEN 30:2,NA,NA,NA,,966,
GEN 30:3__NA,GEN 30:3,NA,NA,NA,,967,
GEN 30:4__NA,GEN 30:4,NA,NA,NA,,968,
GEN 30:5__NA,GEN 30:5,NA,NA,NA,,969,
GEN 30:6__NA,GEN 30:6,NA,NA,NA,,970,
GEN 30:7__NA,GEN 30:7,NA,NA,NA,,971,
GEN 30:8__NA,GEN 30:8,NA,NA,NA,,972,
GEN 30:9__NA,GEN 30:9,NA,NA,NA,,973,
GEN 30:10__NA,GEN 30:10,NA,NA,NA,,974,
GEN 30:11__NA,GEN 30:11,NA,NA,NA,,975,
GEN 30:12__NA,GEN 30:12,NA,NA,NA,,976,
GEN 30:13__NA,GEN 30:13,NA,NA,NA,,977,
GEN 30:14__NA,GEN 30:14,NA,NA,NA,,978,
GEN 30:15__NA,GEN 30:15,NA,NA,NA,,979,
GEN 30:16__NA,GEN 30:16,NA,NA,NA,,980,
GEN 30:17__NA,GEN 30:17,NA,NA,NA,,981,
GEN 30:18__NA,GEN 30:18,NA,NA,NA,,982,
GEN 30:19__NA,GEN 30:19,NA,NA,NA,,983,
GEN 30:20__NA,GEN 30:20,NA,NA,NA,,984,
GEN 30:21__NA,GEN 30:21,NA,NA,NA,,985,
GEN 30:22__NA,GEN 30:22,NA,NA,NA,,986,
GEN 30:23__NA,GEN 30:23,NA,NA,NA,,987,
GEN 30:24__NA,GEN 30:24,NA,NA,NA,,988,
GEN 30:25__NA,GEN 30:25,NA,NA,NA,,989,
GEN 30:26__NA,GEN 30:26,NA,NA,NA,,990,
GEN 30:27__NA,GEN 30:27,NA,NA,NA,,991,
GEN 30:28__NA,GEN 30:28,NA,NA,NA,,992,
GEN 30:29__NA,GEN 30:29,NA,NA,NA,,993,
GEN 30:30__NA,GEN 30:30,NA,NA,NA,,994,
GEN 30:31__NA,GEN 30:31,NA,NA,NA,,995,
GEN 30:32__NA,GEN 30:32,NA,NA,NA,,996,
GEN 30:33__NA,GEN 30:33,NA,NA,NA,,997,
GEN 30:34__NA,GEN 30:34,NA,NA,NA,,998,
GEN 30:35__NA,GEN 30:35,NA,NA,NA,,999,
GEN 30:36__NA,GEN 30:36,NA,NA,NA,,1000,
GEN 30:37__NA,GEN 30:37,NA,NA,NA,,1001,
GEN 30:38__NA,GEN 30:38,NA,NA,NA,,1002,
GEN 30:39__NA,GEN 30:39,NA,NA,NA,,1003,
GEN 30:40__NA,GEN 30:40,NA,NA,NA,,1004,
GEN 30:41__NA,GEN 30:41,NA,NA,NA,,1005,
GEN 30:42__NA,GEN 30:42,NA,NA,NA,,1006,
GEN 30:43__NA,GEN 30:43,NA,NA,NA,,1007,
GEN 31:1__NA,GEN 31:1,NA,NA,NA,,1008,
GEN 31:2__NA,GEN 31:2,NA,NA,NA,,1009,
GEN 31:3__NA,GEN 31:3,NA,NA,NA,,1010,
GEN 31:4__NA,GEN 31:4,NA,NA,NA,,1011,
GEN 31:5__NA,GEN 31:5,NA,NA,NA,,1012,
GEN 31:6__NA,GEN 31:6,NA,NA,NA,,1013,
GEN 31:7__NA,GEN 31:7,NA,NA,NA,,1014,
GEN 31:8__NA,GEN 31:8,NA,NA,NA,,1015,
GEN 31:9__NA,GEN 31:9,NA,NA,NA,,1016,
GEN 31:10__NA,GEN 31:10,NA,NA,NA,,1017,
GEN 31:11__NA,GEN 31:11,NA,NA,NA,,1018,
GEN 31:12__NA,GEN 31:12,NA,NA,NA,,1019,
GEN 31:13__Bethel_1_1,GEN 31:13,Bethel_1_1,Bethel_1,Bethel,1,1020,
GEN 31:14__NA,GEN 31:14,NA,NA,NA,,1021,
GEN 31:15__NA,GEN 31:15,NA,NA,NA,,1022,
GEN 31:16__NA,GEN 31:16,NA,NA,NA,,1023,
GEN 31:17__NA,GEN 31:17,NA,NA,NA,,1024,
GEN 31:18__Paddan-aram_1_1,GEN 31:18,Paddan-aram_1_1,Paddan-aram_1,Paddan-aram,1,1025,
GEN 31:18__Canaan_1_1,GEN 31:18,Canaan_1_1,Canaan_1,Canaan,1,1026,the land of Canaan
GEN 31:19__NA,GEN 31:19,NA,NA,NA,,1027,
GEN 31:20__NA,GEN 31:20,NA,NA,NA,,1028,
GEN 31:21__Euphrates_1_1,GEN 31:21,Euphrates_1_1,Euphrates_1,Euphrates,1,1029,the River
GEN 31:21__Gilead_1_1,GEN 31:21,Gilead_1_1,Gilead_1,Gilead,1,1030,the hill country of Gilead
GEN 31:22__NA,GEN 31:22,NA,NA,NA,,1031,
GEN 31:23__Gilead_1_1,GEN 31:23,Gilead_1_1,Gilead_1,Gilead,1,1032,the hill country of Gilead
GEN 31:24__NA,GEN 31:24,NA,NA,NA,,1033,
GEN 31:25__Gilead_1_1,GEN 31:25,Gilead_1_1,Gilead_1,Gilead,1,1034,the hill country of Gilead
GEN 31:26__NA,GEN 31:26,NA,NA,NA,,1035,
GEN 31:27__NA,GEN 31:27,NA,NA,NA,,1036,
GEN 31:28__NA,GEN 31:28,NA,NA,NA,,1037,
GEN 31:29__NA,GEN 31:29,NA,NA,NA,,1038,
GEN 31:30__NA,GEN 31:30,NA,NA,NA,,1039,
GEN 31:31__NA,GEN 31:31,NA,NA,NA,,1040,
GEN 31:32__NA,GEN 31:32,NA,NA,NA,,1041,
GEN 31:33__NA,GEN 31:33,NA,NA,NA,,1042,
GEN 31:34__NA,GEN 31:34,NA,NA,NA,,1043,
GEN 31:35__NA,GEN 31:35,NA,NA,NA,,1044,
GEN 31:36__NA,GEN 31:36,NA,NA,NA,,1045,
GEN 31:37__NA,GEN 31:37,NA,NA,NA,,1046,
GEN 31:38__NA,GEN 31:38,NA,NA,NA,,1047,
GEN 31:39__NA,GEN 31:39,NA,NA,NA,,1048,
GEN 31:40__NA,GEN 31:40,NA,NA,NA,,1049,
GEN 31:41__NA,GEN 31:41,NA,NA,NA,,1050,
GEN 31:42__NA,GEN 31:42,NA,NA,NA,,1051,
GEN 31:43__NA,GEN 31:43,NA,NA,NA,,1052,
GEN 31:44__NA,GEN 31:44,NA,NA,NA,,1053,
GEN 31:45__NA,GEN 31:45,NA,NA,NA,,1054,
GEN 31:46__NA,GEN 31:46,NA,NA,NA,,1055,
GEN 31:47__NA,GEN 31:47,NA,NA,NA,,1056,
GEN 31:48__NA,GEN 31:48,NA,NA,NA,,1057,
GEN 31:49__NA,GEN 31:49,NA,NA,NA,,1058,
GEN 31:50__NA,GEN 31:50,NA,NA,NA,,1059,
GEN 31:51__NA,GEN 31:51,NA,NA,NA,,1060,
GEN 31:52__NA,GEN 31:52,NA,NA,NA,,1061,
GEN 31:53__NA,GEN 31:53,NA,NA,NA,,1062,
GEN 31:54__NA,GEN 31:54,NA,NA,NA,,1063,
GEN 31:55__NA,GEN 31:55,NA,NA,NA,,1064,
GEN 32:1__NA,GEN 32:1,NA,NA,NA,,1065,
GEN 32:2__Mahanaim_1_1,GEN 32:2,Mahanaim_1_1,Mahanaim_1,Mahanaim,1,1066,
GEN 32:3__Mount Seir_1_1,GEN 32:3,Mount Seir_1_1,Mount Seir_1,Mount Seir,1,1067,the land of Seir
GEN 32:3__Edom_1_1,GEN 32:3,Edom_1_1,Edom_1,Edom,1,1068,
GEN 32:4__NA,GEN 32:4,NA,NA,NA,,1069,
GEN 32:5__NA,GEN 32:5,NA,NA,NA,,1070,
GEN 32:6__NA,GEN 32:6,NA,NA,NA,,1071,
GEN 32:7__NA,GEN 32:7,NA,NA,NA,,1072,
GEN 32:8__NA,GEN 32:8,NA,NA,NA,,1073,
GEN 32:9__NA,GEN 32:9,NA,NA,NA,,1074,
GEN 32:10__Jordan_1_1,GEN 32:10,Jordan_1_1,Jordan_1,Jordan,1,1075,
GEN 32:11__NA,GEN 32:11,NA,NA,NA,,1076,
GEN 32:12__waters_1_2,GEN 32:12,waters_1_2,waters_1,sea,1,1077,
GEN 32:13__NA,GEN 32:13,NA,NA,NA,,1078,
GEN 32:14__NA,GEN 32:14,NA,NA,NA,,1079,
GEN 32:15__NA,GEN 32:15,NA,NA,NA,,1080,
GEN 32:16__NA,GEN 32:16,NA,NA,NA,,1081,
GEN 32:17__NA,GEN 32:17,NA,NA,NA,,1082,
GEN 32:18__NA,GEN 32:18,NA,NA,NA,,1083,
GEN 32:19__NA,GEN 32:19,NA,NA,NA,,1084,
GEN 32:20__NA,GEN 32:20,NA,NA,NA,,1085,
GEN 32:21__NA,GEN 32:21,NA,NA,NA,,1086,
GEN 32:22__Jabbok_1_1,GEN 32:22,Jabbok_1_1,Jabbok_1,Jabbok,1,1087,
GEN 32:23__NA,GEN 32:23,NA,NA,NA,,1088,
GEN 32:24__NA,GEN 32:24,NA,NA,NA,,1089,
GEN 32:25__NA,GEN 32:25,NA,NA,NA,,1090,
GEN 32:26__NA,GEN 32:26,NA,NA,NA,,1091,
GEN 32:27__NA,GEN 32:27,NA,NA,NA,,1092,
GEN 32:28__NA,GEN 32:28,NA,NA,NA,,1093,
GEN 32:29__NA,GEN 32:29,NA,NA,NA,,1094,
GEN 32:30__Peniel_1_1,GEN 32:30,Peniel_1_1,Peniel_1,Peniel,1,1095,
GEN 32:31__Peniel_1_2,GEN 32:31,Peniel_1_2,Peniel_1,Penuel,1,1096,
GEN 32:32__NA,GEN 32:32,NA,NA,NA,,1097,
GEN 33:1__NA,GEN 33:1,NA,NA,NA,,1098,
GEN 33:2__NA,GEN 33:2,NA,NA,NA,,1099,
GEN 33:3__NA,GEN 33:3,NA,NA,NA,,1100,
GEN 33:4__NA,GEN 33:4,NA,NA,NA,,1101,
GEN 33:5__NA,GEN 33:5,NA,NA,NA,,1102,
GEN 33:6__NA,GEN 33:6,NA,NA,NA,,1103,
GEN 33:7__NA,GEN 33:7,NA,NA,NA,,1104,
GEN 33:8__NA,GEN 33:8,NA,NA,NA,,1105,
GEN 33:9__NA,GEN 33:9,NA,NA,NA,,1106,
GEN 33:10__NA,GEN 33:10,NA,NA,NA,,1107,
GEN 33:11__NA,GEN 33:11,NA,NA,NA,,1108,
GEN 33:12__NA,GEN 33:12,NA,NA,NA,,1109,
GEN 33:13__NA,GEN 33:13,NA,NA,NA,,1110,
GEN 33:14__Mount Seir_1_1,GEN 33:14,Mount Seir_1_1,Mount Seir_1,Mount Seir,1,1111,Seir
GEN 33:15__NA,GEN 33:15,NA,NA,NA,,1112,
GEN 33:16__Mount Seir_1_1,GEN 33:16,Mount Seir_1_1,Mount Seir_1,Mount Seir,1,1113,Seir
GEN 33:17__Succoth_1_1,GEN 33:17,Succoth_1_1,Succoth_1,Succoth,1,1114,
GEN 33:18__Shechem_1_1,GEN 33:18,Shechem_1_1,Shechem_1,Shechem,1,1115,
GEN 33:18__Canaan_1_1,GEN 33:18,Canaan_1_1,Canaan_1,Canaan,1,1116,the land of Canaan
GEN 33:18__Paddan-aram_1_1,GEN 33:18,Paddan-aram_1_1,Paddan-aram_1,Paddan-aram,1,1117,
GEN 33:19__NA,GEN 33:19,NA,NA,NA,,1118,Shechem here is the person rather than the location
GEN 33:20__NA,GEN 33:20,NA,NA,NA,,1119,
GEN 34:1__NA,GEN 34:1,NA,NA,NA,,1120,
GEN 34:2__NA,GEN 34:2,NA,NA,NA,,1121,
GEN 34:3__NA,GEN 34:3,NA,NA,NA,,1122,
GEN 34:4__NA,GEN 34:4,NA,NA,NA,,1123,
GEN 34:5__NA,GEN 34:5,NA,NA,NA,,1124,
GEN 34:6__NA,GEN 34:6,NA,NA,NA,,1125,
GEN 34:7__NA,GEN 34:7,NA,NA,NA,,1126,
GEN 34:8__NA,GEN 34:8,NA,NA,NA,,1127,
GEN 34:9__NA,GEN 34:9,NA,NA,NA,,1128,
GEN 34:10__NA,GEN 34:10,NA,NA,NA,,1129,
GEN 34:11__NA,GEN 34:11,NA,NA,NA,,1130,
GEN 34:12__NA,GEN 34:12,NA,NA,NA,,1131,
GEN 34:13__NA,GEN 34:13,NA,NA,NA,,1132,
GEN 34:14__NA,GEN 34:14,NA,NA,NA,,1133,
GEN 34:15__NA,GEN 34:15,NA,NA,NA,,1134,
GEN 34:16__NA,GEN 34:16,NA,NA,NA,,1135,
GEN 34:17__NA,GEN 34:17,NA,NA,NA,,1136,
GEN 34:18__NA,GEN 34:18,NA,NA,NA,,1137,
GEN 34:19__NA,GEN 34:19,NA,NA,NA,,1138,
GEN 34:20__NA,GEN 34:20,NA,NA,NA,,1139,
GEN 34:21__NA,GEN 34:21,NA,NA,NA,,1140,
GEN 34:22__NA,GEN 34:22,NA,NA,NA,,1141,
GEN 34:23__NA,GEN 34:23,NA,NA,NA,,1142,
GEN 34:24__NA,GEN 34:24,NA,NA,NA,,1143,
GEN 34:25__NA,GEN 34:25,NA,NA,NA,,1144,
GEN 34:26__NA,GEN 34:26,NA,NA,NA,,1145,
GEN 34:27__NA,GEN 34:27,NA,NA,NA,,1146,
GEN 34:28__NA,GEN 34:28,NA,NA,NA,,1147,
GEN 34:29__NA,GEN 34:29,NA,NA,NA,,1148,
GEN 34:30__NA,GEN 34:30,NA,NA,NA,,1149,
GEN 34:31__NA,GEN 34:31,NA,NA,NA,,1150,
GEN 35:1__Bethel_1_1,GEN 35:1,Bethel_1_1,Bethel_1,Bethel,1,1151,
GEN 35:2__NA,GEN 35:2,NA,NA,NA,,1152,
GEN 35:3__Bethel_1_1,GEN 35:3,Bethel_1_1,Bethel_1,Bethel,1,1153,
GEN 35:4__Shechem_1_1,GEN 35:4,Shechem_1_1,Shechem_1,Shechem,1,1154,
GEN 35:5__NA,GEN 35:5,NA,NA,NA,,1155,
GEN 35:6__Bethel_1_2,GEN 35:6,Bethel_1_2,Bethel_1,Luz,1,1156,
GEN 35:6__Bethel_1_1,GEN 35:6,Bethel_1_1,Bethel_1,Bethel,1,1157,
GEN 35:6__Canaan_1_1,GEN 35:6,Canaan_1_1,Canaan_1,Canaan,1,1158,the land of Canaan
GEN 35:7__El-bethel_1_1,GEN 35:7,El-bethel_1_1,El-bethel_1,El-bethel,1,1159,
GEN 35:8__Bethel_1_1,GEN 35:8,Bethel_1_1,Bethel_1,Bethel,1,1160,
GEN 35:8__Allon-bacuth_1_1,GEN 35:8,Allon-bacuth_1_1,Allon-bacuth_1,Allon-bacuth,1,1161,
GEN 35:9__Paddan-aram_1_1,GEN 35:9,Paddan-aram_1_1,Paddan-aram_1,Paddan-aram,1,1162,
GEN 35:10__NA,GEN 35:10,NA,NA,NA,,1163,
GEN 35:11__NA,GEN 35:11,NA,NA,NA,,1164,
GEN 35:12__NA,GEN 35:12,NA,NA,NA,,1165,
GEN 35:13__NA,GEN 35:13,NA,NA,NA,,1166,
GEN 35:14__NA,GEN 35:14,NA,NA,NA,,1167,
GEN 35:15__Bethel_1_1,GEN 35:15,Bethel_1_1,Bethel_1,Bethel,1,1168,
GEN 35:16__Bethel_1_1,GEN 35:16,Bethel_1_1,Bethel_1,Bethel,1,1169,
GEN 35:16__Bethlehem_1_1,GEN 35:16,Bethlehem_1_1,Bethlehem_1,Ephrath,1,1170,
GEN 35:17__NA,GEN 35:17,NA,NA,NA,,1171,
GEN 35:18__NA,GEN 35:18,NA,NA,NA,,1172,
GEN 35:19__Bethlehem_1_1,GEN 35:19,Bethlehem_1_1,Bethlehem_1,Ephrath,1,1173,
GEN 35:19__Bethlehem_1_2,GEN 35:19,Bethlehem_1_2,Bethlehem_1,Bethlehem,1,1174,
GEN 35:20__NA,GEN 35:20,NA,NA,NA,,1175,
GEN 35:21__Migdal Eder_1_1,GEN 35:21,Migdal Eder_1_1,Migdal Eder_1,Migdal Eder,1,1176,NASB translates migdal into tower
GEN 35:22__NA,GEN 35:22,NA,NA,NA,,1177,
GEN 35:23__NA,GEN 35:23,NA,NA,NA,,1178,
GEN 35:24__NA,GEN 35:24,NA,NA,NA,,1179,
GEN 35:25__NA,GEN 35:25,NA,NA,NA,,1180,
GEN 35:26__Paddan-aram_1_1,GEN 35:26,Paddan-aram_1_1,Paddan-aram_1,Paddan-aram,1,1181,
GEN 35:27__Hebron_1_2,GEN 35:27,Hebron_1_2,Hebron_1,Kiriath-arba,1,1182,
GEN 35:27__Hebron_1_1,GEN 35:27,Hebron_1_1,Hebron_1,Hebron,1,1183,
GEN 35:28__NA,GEN 35:28,NA,NA,NA,,1184,
GEN 35:29__NA,GEN 35:29,NA,NA,NA,,1185,
GEN 36:1__NA,GEN 36:1,NA,NA,NA,,1186,
GEN 36:2__NA,GEN 36:2,NA,NA,NA,,1187,Canaan here is the individual rather than the location
GEN 36:3__NA,GEN 36:3,NA,NA,NA,,1188,
GEN 36:4__NA,GEN 36:4,NA,NA,NA,,1189,
GEN 36:5__Canaan_1_1,GEN 36:5,Canaan_1_1,Canaan_1,Canaan,1,1190,the land of Canaan
GEN 36:6__Canaan_1_1,GEN 36:6,Canaan_1_1,Canaan_1,Canaan,1,1191,the land of Canaan
GEN 36:7__NA,GEN 36:7,NA,NA,NA,,1192,
GEN 36:8__Mount Seir_1_1,GEN 36:8,Mount Seir_1_1,Mount Seir_1,Mount Seir,1,1193,the hill country of Seir
GEN 36:9__Mount Seir_1_1,GEN 36:9,Mount Seir_1_1,Mount Seir_1,Mount Seir,1,1194,the hill country of Seir
GEN 36:10__NA,GEN 36:10,NA,NA,NA,,1195,
GEN 36:11__NA,GEN 36:11,NA,NA,NA,,1196,
GEN 36:12__NA,GEN 36:12,NA,NA,NA,,1197,
GEN 36:13__NA,GEN 36:13,NA,NA,NA,,1198,
GEN 36:14__NA,GEN 36:14,NA,NA,NA,,1199,
GEN 36:15__NA,GEN 36:15,NA,NA,NA,,1200,
GEN 36:16__Edom_1_1,GEN 36:16,Edom_1_1,Edom_1,Edom,1,1201,the land of Edom
GEN 36:17__Edom_1_1,GEN 36:17,Edom_1_1,Edom_1,Edom,1,1202,the land of Edom
GEN 36:18__NA,GEN 36:18,NA,NA,NA,,1203,
GEN 36:19__NA,GEN 36:19,NA,NA,NA,,1204,
GEN 36:20__NA,GEN 36:20,NA,NA,NA,,1205,
GEN 36:21__Edom_1_1,GEN 36:21,Edom_1_1,Edom_1,Edom,1,1206,the land of Edom
GEN 36:22__NA,GEN 36:22,NA,NA,NA,,1207,
GEN 36:23__NA,GEN 36:23,NA,NA,NA,,1208,
GEN 36:24__NA,GEN 36:24,NA,NA,NA,,1209,
GEN 36:25__NA,GEN 36:25,NA,NA,NA,,1210,
GEN 36:26__NA,GEN 36:26,NA,NA,NA,,1211,
GEN 36:27__NA,GEN 36:27,NA,NA,NA,,1212,
GEN 36:28__NA,GEN 36:28,NA,NA,NA,,1213,
GEN 36:29__NA,GEN 36:29,NA,NA,NA,,1214,
GEN 36:30__Mount Seir_1_1,GEN 36:30,Mount Seir_1_1,Mount Seir_1,Mount Seir,1,1215,the land of Seir
GEN 36:31__Edom_1_1,GEN 36:31,Edom_1_1,Edom_1,Edom,1,1216,the land of Edom
GEN 36:32__Edom_1_1,GEN 36:32,Edom_1_1,Edom_1,Edom,1,1217,
GEN 36:32__Dinhabah_1_1,GEN 36:32,Dinhabah_1_1,Dinhabah_1,Dinhabah,1,1218,
GEN 36:33__Bozrah_1_1,GEN 36:33,Bozrah_1_1,Bozrah_1,Bozrah,1,1219,
GEN 36:34__NA,GEN 36:34,NA,NA,NA,,1220,
GEN 36:35__Moab_1_1,GEN 36:35,Moab_1_1,Moab_1,Moab,1,1221,field of Moab
GEN 36:35__Avith_1_1,GEN 36:35,Avith_1_1,Avith_1,Avith,1,1222,
GEN 36:36__Masrekah_1_1,GEN 36:36,Masrekah_1_1,Masrekah_1,Masrekah,1,1223,
GEN 36:37__Rehoboth_2_1,GEN 36:37,Rehoboth_2_1,Rehoboth_2,Rehoboth,1,1224,"NASB adds the word ""Euphrates"""
GEN 36:38__NA,GEN 36:38,NA,NA,NA,,1225,
GEN 36:39__Pau_1_1,GEN 36:39,Pau_1_1,Pau_1,Pau,1,1226,
GEN 36:40__NA,GEN 36:40,NA,NA,NA,,1227,
GEN 36:41__NA,GEN 36:41,NA,NA,NA,,1228,
GEN 36:42__NA,GEN 36:42,NA,NA,NA,,1229,
GEN 36:43__NA,GEN 36:43,NA,NA,NA,,1230,Edom here is the individual rather than the location
GEN 37:1__Canaan_1_1,GEN 37:1,Canaan_1_1,Canaan_1,Canaan,1,1231,the land of Canaan
GEN 37:2__NA,GEN 37:2,NA,NA,NA,,1232,
GEN 37:3__NA,GEN 37:3,NA,NA,NA,,1233,
GEN 37:4__NA,GEN 37:4,NA,NA,NA,,1234,
GEN 37:5__NA,GEN 37:5,NA,NA,NA,,1235,
GEN 37:6__NA,GEN 37:6,NA,NA,NA,,1236,
GEN 37:7__NA,GEN 37:7,NA,NA,NA,,1237,
GEN 37:8__NA,GEN 37:8,NA,NA,NA,,1238,
GEN 37:9__NA,GEN 37:9,NA,NA,NA,,1239,
GEN 37:10__NA,GEN 37:10,NA,NA,NA,,1240,
GEN 37:11__NA,GEN 37:11,NA,NA,NA,,1241,
GEN 37:12__Shechem_1_1,GEN 37:12,Shechem_1_1,Shechem_1,Shechem,1,1242,
GEN 37:13__Shechem_1_1,GEN 37:13,Shechem_1_1,Shechem_1,Shechem,1,1243,
GEN 37:14__Valley of Hebron_1_1,GEN 37:14,Valley of Hebron_1_1,Valley of Hebron_1,Valley of Hebron,1,1244,
GEN 37:14__Shechem_1_1,GEN 37:14,Shechem_1_1,Shechem_1,Shechem,1,1245,
GEN 37:15__NA,GEN 37:15,NA,NA,NA,,1246,
GEN 37:16__NA,GEN 37:16,NA,NA,NA,,1247,
GEN 37:17__Dothan_1_1,GEN 37:17,Dothan_1_1,Dothan_1,Dothan,2,1248,
GEN 37:18__NA,GEN 37:18,NA,NA,NA,,1249,
GEN 37:19__NA,GEN 37:19,NA,NA,NA,,1250,
GEN 37:20__NA,GEN 37:20,NA,NA,NA,,1251,
GEN 37:21__NA,GEN 37:21,NA,NA,NA,,1252,
GEN 37:22__NA,GEN 37:22,NA,NA,NA,,1253,
GEN 37:23__NA,GEN 37:23,NA,NA,NA,,1254,
GEN 37:24__NA,GEN 37:24,NA,NA,NA,,1255,
GEN 37:25__Gilead_1_1,GEN 37:25,Gilead_1_1,Gilead_1,Gilead,1,1256,
GEN 37:25__Egypt_1_1,GEN 37:25,Egypt_1_1,Egypt_1,Egypt,1,1257,
GEN 37:26__NA,GEN 37:26,NA,NA,NA,,1258,
GEN 37:27__NA,GEN 37:27,NA,NA,NA,,1259,
GEN 37:28__Egypt_1_1,GEN 37:28,Egypt_1_1,Egypt_1,Egypt,1,1260,
GEN 37:29__NA,GEN 37:29,NA,NA,NA,,1261,
GEN 37:30__NA,GEN 37:30,NA,NA,NA,,1262,
GEN 37:31__NA,GEN 37:31,NA,NA,NA,,1263,
GEN 37:32__NA,GEN 37:32,NA,NA,NA,,1264,
GEN 37:33__NA,GEN 37:33,NA,NA,NA,,1265,
GEN 37:34__NA,GEN 37:34,NA,NA,NA,,1266,
GEN 37:35__NA,GEN 37:35,NA,NA,NA,,1267,
GEN 37:36__Egypt_1_1,GEN 37:36,Egypt_1_1,Egypt_1,Egypt,1,1268,
GEN 38:1__NA,GEN 38:1,NA,NA,NA,,1269,
GEN 38:2__NA,GEN 38:2,NA,NA,NA,,1270,
GEN 38:3__NA,GEN 38:3,NA,NA,NA,,1271,
GEN 38:4__NA,GEN 38:4,NA,NA,NA,,1272,
GEN 38:5__Chezib_1_1,GEN 38:5,Chezib_1_1,Chezib_1,Chezib,1,1273,
GEN 38:6__NA,GEN 38:6,NA,NA,NA,,1274,
GEN 38:7__NA,GEN 38:7,NA,NA,NA,,1275,
GEN 38:8__NA,GEN 38:8,NA,NA,NA,,1276,
GEN 38:9__NA,GEN 38:9,NA,NA,NA,,1277,
GEN 38:10__NA,GEN 38:10,NA,NA,NA,,1278,
GEN 38:11__NA,GEN 38:11,NA,NA,NA,,1279,
GEN 38:12__Timnah_1_1,GEN 38:12,Timnah_1_1,Timnah_1,Timnah,1,1280,
GEN 38:13__Timnah_1_1,GEN 38:13,Timnah_1_1,Timnah_1,Timnah,1,1281,
GEN 38:14__Enaim_1_1,GEN 38:14,Enaim_1_1,Enaim_1,Enaim,1,1282,
GEN 38:14__Timnah_1_1,GEN 38:14,Timnah_1_1,Timnah_1,Timnah,1,1283,
GEN 38:15__NA,GEN 38:15,NA,NA,NA,,1284,
GEN 38:16__NA,GEN 38:16,NA,NA,NA,,1285,
GEN 38:17__NA,GEN 38:17,NA,NA,NA,,1286,
GEN 38:18__NA,GEN 38:18,NA,NA,NA,,1287,
GEN 38:19__Enaim_1_1,GEN 38:19,Enaim_1_1,Enaim_1,Enaim,1,1288,
GEN 38:20__NA,GEN 38:20,NA,NA,NA,,1289,
GEN 38:21__NA,GEN 38:21,NA,NA,NA,,1290,
GEN 38:22__NA,GEN 38:22,NA,NA,NA,,1291,
GEN 38:23__NA,GEN 38:23,NA,NA,NA,,1292,
GEN 38:24__NA,GEN 38:24,NA,NA,NA,,1293,
GEN 38:25__NA,GEN 38:25,NA,NA,NA,,1294,
GEN 38:26__NA,GEN 38:26,NA,NA,NA,,1295,
GEN 38:27__NA,GEN 38:27,NA,NA,NA,,1296,
GEN 38:28__NA,GEN 38:28,NA,NA,NA,,1297,
GEN 38:29__NA,GEN 38:29,NA,NA,NA,,1298,
GEN 38:30__NA,GEN 38:30,NA,NA,NA,,1299,
GEN 39:1__Egypt_1_1,GEN 39:1,Egypt_1_1,Egypt_1,Egypt,1,1300,
GEN 39:2__NA,GEN 39:2,NA,NA,NA,,1301,
GEN 39:3__NA,GEN 39:3,NA,NA,NA,,1302,
GEN 39:4__NA,GEN 39:4,NA,NA,NA,,1303,
GEN 39:5__NA,GEN 39:5,NA,NA,NA,,1304,
GEN 39:6__NA,GEN 39:6,NA,NA,NA,,1305,
GEN 39:7__NA,GEN 39:7,NA,NA,NA,,1306,
GEN 39:8__NA,GEN 39:8,NA,NA,NA,,1307,
GEN 39:9__NA,GEN 39:9,NA,NA,NA,,1308,
GEN 39:10__NA,GEN 39:10,NA,NA,NA,,1309,
GEN 39:11__NA,GEN 39:11,NA,NA,NA,,1310,
GEN 39:12__NA,GEN 39:12,NA,NA,NA,,1311,
GEN 39:13__NA,GEN 39:13,NA,NA,NA,,1312,
GEN 39:14__NA,GEN 39:14,NA,NA,NA,,1313,
GEN 39:15__NA,GEN 39:15,NA,NA,NA,,1314,
GEN 39:16__NA,GEN 39:16,NA,NA,NA,,1315,
GEN 39:17__NA,GEN 39:17,NA,NA,NA,,1316,
GEN 39:18__NA,GEN 39:18,NA,NA,NA,,1317,
GEN 39:19__NA,GEN 39:19,NA,NA,NA,,1318,
GEN 39:20__NA,GEN 39:20,NA,NA,NA,,1319,
GEN 39:21__NA,GEN 39:21,NA,NA,NA,,1320,
GEN 39:22__NA,GEN 39:22,NA,NA,NA,,1321,
GEN 39:23__NA,GEN 39:23,NA,NA,NA,,1322,
GEN 40:1__Egypt_1_1,GEN 40:1,Egypt_1_1,Egypt_1,Egypt,2,1323,
GEN 40:2__NA,GEN 40:2,NA,NA,NA,,1324,
GEN 40:3__NA,GEN 40:3,NA,NA,NA,,1325,
GEN 40:4__NA,GEN 40:4,NA,NA,NA,,1326,
GEN 40:5__Egypt_1_1,GEN 40:5,Egypt_1_1,Egypt_1,Egypt,1,1327,
GEN 40:6__NA,GEN 40:6,NA,NA,NA,,1328,
GEN 40:7__NA,GEN 40:7,NA,NA,NA,,1329,
GEN 40:8__NA,GEN 40:8,NA,NA,NA,,1330,
GEN 40:9__NA,GEN 40:9,NA,NA,NA,,1331,
GEN 40:10__NA,GEN 40:10,NA,NA,NA,,1332,
GEN 40:11__NA,GEN 40:11,NA,NA,NA,,1333,
GEN 40:12__NA,GEN 40:12,NA,NA,NA,,1334,
GEN 40:13__NA,GEN 40:13,NA,NA,NA,,1335,
GEN 40:14__NA,GEN 40:14,NA,NA,NA,,1336,
GEN 40:15__NA,GEN 40:15,NA,NA,NA,,1337,
GEN 40:16__NA,GEN 40:16,NA,NA,NA,,1338,
GEN 40:17__NA,GEN 40:17,NA,NA,NA,,1339,
GEN 40:18__NA,GEN 40:18,NA,NA,NA,,1340,
GEN 40:19__NA,GEN 40:19,NA,NA,NA,,1341,
GEN 40:20__NA,GEN 40:20,NA,NA,NA,,1342,
GEN 40:21__NA,GEN 40:21,NA,NA,NA,,1343,
GEN 40:22__NA,GEN 40:22,NA,NA,NA,,1344,
GEN 40:23__NA,GEN 40:23,NA,NA,NA,,1345,
GEN 41:1__Nile_1_2,GEN 41:1,Nile_1_2,Nile_1,Nile,1,1346,
GEN 41:2__Nile_1_2,GEN 41:2,Nile_1_2,Nile_1,Nile,1,1347,
GEN 41:3__Nile_1_2,GEN 41:3,Nile_1_2,Nile_1,Nile,1,1348,
GEN 41:4__NA,GEN 41:4,NA,NA,NA,,1349,
GEN 41:5__NA,GEN 41:5,NA,NA,NA,,1350,
GEN 41:6__NA,GEN 41:6,NA,NA,NA,,1351,
GEN 41:7__NA,GEN 41:7,NA,NA,NA,,1352,
GEN 41:8__Egypt_1_1,GEN 41:8,Egypt_1_1,Egypt_1,Egypt,1,1353,
GEN 41:9__NA,GEN 41:9,NA,NA,NA,,1354,
GEN 41:10__NA,GEN 41:10,NA,NA,NA,,1355,
GEN 41:11__NA,GEN 41:11,NA,NA,NA,,1356,
GEN 41:12__NA,GEN 41:12,NA,NA,NA,,1357,
GEN 41:13__NA,GEN 41:13,NA,NA,NA,,1358,
GEN 41:14__NA,GEN 41:14,NA,NA,NA,,1359,
GEN 41:15__NA,GEN 41:15,NA,NA,NA,,1360,
GEN 41:16__NA,GEN 41:16,NA,NA,NA,,1361,
GEN 41:17__Nile_1_2,GEN 41:17,Nile_1_2,Nile_1,Nile,1,1362,
GEN 41:18__Nile_1_2,GEN 41:18,Nile_1_2,Nile_1,Nile,1,1363,
GEN 41:19__Egypt_1_1,GEN 41:19,Egypt_1_1,Egypt_1,Egypt,1,1364,the land of Egypt
GEN 41:20__NA,GEN 41:20,NA,NA,NA,,1365,
GEN 41:21__NA,GEN 41:21,NA,NA,NA,,1366,
GEN 41:22__NA,GEN 41:22,NA,NA,NA,,1367,
GEN 41:23__NA,GEN 41:23,NA,NA,NA,,1368,
GEN 41:24__NA,GEN 41:24,NA,NA,NA,,1369,
GEN 41:25__NA,GEN 41:25,NA,NA,NA,,1370,
GEN 41:26__NA,GEN 41:26,NA,NA,NA,,1371,
GEN 41:27__NA,GEN 41:27,NA,NA,NA,,1372,
GEN 41:28__NA,GEN 41:28,NA,NA,NA,,1373,
GEN 41:29__Egypt_1_1,GEN 41:29,Egypt_1_1,Egypt_1,Egypt,1,1374,the land of Egypt
GEN 41:30__Egypt_1_1,GEN 41:30,Egypt_1_1,Egypt_1,Egypt,1,1375,the land of Egypt
GEN 41:31__NA,GEN 41:31,NA,NA,NA,,1376,
GEN 41:32__NA,GEN 41:32,NA,NA,NA,,1377,
GEN 41:33__Egypt_1_1,GEN 41:33,Egypt_1_1,Egypt_1,Egypt,1,1378,the land of Egypt
GEN 41:34__Egypt_1_1,GEN 41:34,Egypt_1_1,Egypt_1,Egypt,1,1379,the land of Egypt
GEN 41:35__NA,GEN 41:35,NA,NA,NA,,1380,
GEN 41:36__Egypt_1_1,GEN 41:36,Egypt_1_1,Egypt_1,Egypt,1,1381,the land of Egypt
GEN 41:37__NA,GEN 41:37,NA,NA,NA,,1382,
GEN 41:38__NA,GEN 41:38,NA,NA,NA,,1383,
GEN 41:39__NA,GEN 41:39,NA,NA,NA,,1384,
GEN 41:40__NA,GEN 41:40,NA,NA,NA,,1385,
GEN 41:41__Egypt_1_1,GEN 41:41,Egypt_1_1,Egypt_1,Egypt,1,1386,the land of Egypt
GEN 41:42__NA,GEN 41:42,NA,NA,NA,,1387,
GEN 41:43__Egypt_1_1,GEN 41:43,Egypt_1_1,Egypt_1,Egypt,1,1388,the land of Egypt
GEN 41:44__Egypt_1_1,GEN 41:44,Egypt_1_1,Egypt_1,Egypt,1,1389,the land of Egypt
GEN 41:45__On_1_1,GEN 41:45,On_1_1,On_1,On,1,1390,
GEN 41:45__Egypt_1_1,GEN 41:45,Egypt_1_1,Egypt_1,Egypt,1,1391,the land of Egypt
GEN 41:46__Egypt_1_1,GEN 41:46,Egypt_1_1,Egypt_1,Egypt,1,1392,the land of Egypt
GEN 41:47__NA,GEN 41:47,NA,NA,NA,,1393,
GEN 41:48__Egypt_1_1,GEN 41:48,Egypt_1_1,Egypt_1,Egypt,1,1394,the land of Egypt
GEN 41:49__NA,GEN 41:49,NA,NA,NA,,1395,
GEN 41:50__On_1_1,GEN 41:50,On_1_1,On_1,On,1,1396,
GEN 41:51__NA,GEN 41:51,NA,NA,NA,,1397,
GEN 41:52__NA,GEN 41:52,NA,NA,NA,,1398,
GEN 41:53__Egypt_1_1,GEN 41:53,Egypt_1_1,Egypt_1,Egypt,1,1399,the land of Egypt
GEN 41:54__Egypt_1_1,GEN 41:54,Egypt_1_1,Egypt_1,Egypt,1,1400,the land of Egypt
GEN 41:55__Egypt_1_1,GEN 41:55,Egypt_1_1,Egypt_1,Egypt,1,1401,the land of Egypt
GEN 41:56__Egypt_1_1,GEN 41:56,Egypt_1_1,Egypt_1,Egypt,1,1402,the land of Egypt
GEN 41:57__Egypt_1_1,GEN 41:57,Egypt_1_1,Egypt_1,Egypt,1,1403,
GEN 42:1__Egypt_1_1,GEN 42:1,Egypt_1_1,Egypt_1,Egypt,1,1404,
GEN 42:2__Egypt_1_1,GEN 42:2,Egypt_1_1,Egypt_1,Egypt,1,1405,
GEN 42:3__Egypt_1_1,GEN 42:3,Egypt_1_1,Egypt_1,Egypt,1,1406,
GEN 42:4__NA,GEN 42:4,NA,NA,NA,,1407,
GEN 42:5__Canaan_1_1,GEN 42:5,Canaan_1_1,Canaan_1,Canaan,1,1408,the land of Canaan
GEN 42:6__NA,GEN 42:6,NA,NA,NA,,1409,
GEN 42:7__Canaan_1_1,GEN 42:7,Canaan_1_1,Canaan_1,Canaan,1,1410,the land of Canaan
GEN 42:8__NA,GEN 42:8,NA,NA,NA,,1411,
GEN 42:9__NA,GEN 42:9,NA,NA,NA,,1412,
GEN 42:10__NA,GEN 42:10,NA,NA,NA,,1413,
GEN 42:11__NA,GEN 42:11,NA,NA,NA,,1414,
GEN 42:12__NA,GEN 42:12,NA,NA,NA,,1415,
GEN 42:13__Canaan_1_1,GEN 42:13,Canaan_1_1,Canaan_1,Canaan,1,1416,the land of Canaan
GEN 42:14__NA,GEN 42:14,NA,NA,NA,,1417,
GEN 42:15__NA,GEN 42:15,NA,NA,NA,,1418,
GEN 42:16__NA,GEN 42:16,NA,NA,NA,,1419,
GEN 42:17__NA,GEN 42:17,NA,NA,NA,,1420,
GEN 42:18__NA,GEN 42:18,NA,NA,NA,,1421,
GEN 42:19__NA,GEN 42:19,NA,NA,NA,,1422,
GEN 42:20__NA,GEN 42:20,NA,NA,NA,,1423,
GEN 42:21__NA,GEN 42:21,NA,NA,NA,,1424,
GEN 42:22__NA,GEN 42:22,NA,NA,NA,,1425,
GEN 42:23__NA,GEN 42:23,NA,NA,NA,,1426,
GEN 42:24__NA,GEN 42:24,NA,NA,NA,,1427,
GEN 42:25__NA,GEN 42:25,NA,NA,NA,,1428,
GEN 42:26__NA,GEN 42:26,NA,NA,NA,,1429,
GEN 42:27__NA,GEN 42:27,NA,NA,NA,,1430,
GEN 42:28__NA,GEN 42:28,NA,NA,NA,,1431,
GEN 42:29__Canaan_1_1,GEN 42:29,Canaan_1_1,Canaan_1,Canaan,1,1432,the land of Canaan
GEN 42:30__NA,GEN 42:30,NA,NA,NA,,1433,
GEN 42:31__NA,GEN 42:31,NA,NA,NA,,1434,
GEN 42:32__Canaan_1_1,GEN 42:32,Canaan_1_1,Canaan_1,Canaan,1,1435,the land of Canaan
GEN 42:33__NA,GEN 42:33,NA,NA,NA,,1436,
GEN 42:34__NA,GEN 42:34,NA,NA,NA,,1437,
GEN 42:35__NA,GEN 42:35,NA,NA,NA,,1438,
GEN 42:36__NA,GEN 42:36,NA,NA,NA,,1439,
GEN 42:37__NA,GEN 42:37,NA,NA,NA,,1440,
GEN 42:38__NA,GEN 42:38,NA,NA,NA,,1441,
GEN 43:1__NA,GEN 43:1,NA,NA,NA,,1442,
GEN 43:2__Egypt_1_1,GEN 43:2,Egypt_1_1,Egypt_1,Egypt,1,1443,the land of Egypt
GEN 43:3__NA,GEN 43:3,NA,NA,NA,,1444,
GEN 43:4__NA,GEN 43:4,NA,NA,NA,,1445,
GEN 43:5__NA,GEN 43:5,NA,NA,NA,,1446,
GEN 43:6__NA,GEN 43:6,NA,NA,NA,,1447,
GEN 43:7__NA,GEN 43:7,NA,NA,NA,,1448,
GEN 43:8__NA,GEN 43:8,NA,NA,NA,,1449,
GEN 43:9__NA,GEN 43:9,NA,NA,NA,,1450,
GEN 43:10__NA,GEN 43:10,NA,NA,NA,,1451,
GEN 43:11__NA,GEN 43:11,NA,NA,NA,,1452,
GEN 43:12__NA,GEN 43:12,NA,NA,NA,,1453,
GEN 43:13__NA,GEN 43:13,NA,NA,NA,,1454,
GEN 43:14__NA,GEN 43:14,NA,NA,NA,,1455,
GEN 43:15__Egypt_1_1,GEN 43:15,Egypt_1_1,Egypt_1,Egypt,1,1456,
GEN 43:16__NA,GEN 43:16,NA,NA,NA,,1457,
GEN 43:17__NA,GEN 43:17,NA,NA,NA,,1458,
GEN 43:18__NA,GEN 43:18,NA,NA,NA,,1459,
GEN 43:19__NA,GEN 43:19,NA,NA,NA,,1460,
GEN 43:20__NA,GEN 43:20,NA,NA,NA,,1461,
GEN 43:21__NA,GEN 43:21,NA,NA,NA,,1462,
GEN 43:22__NA,GEN 43:22,NA,NA,NA,,1463,
GEN 43:23__NA,GEN 43:23,NA,NA,NA,,1464,
GEN 43:24__NA,GEN 43:24,NA,NA,NA,,1465,
GEN 43:25__NA,GEN 43:25,NA,NA,NA,,1466,
GEN 43:26__NA,GEN 43:26,NA,NA,NA,,1467,
GEN 43:27__NA,GEN 43:27,NA,NA,NA,,1468,
GEN 43:28__NA,GEN 43:28,NA,NA,NA,,1469,
GEN 43:29__NA,GEN 43:29,NA,NA,NA,,1470,
GEN 43:30__NA,GEN 43:30,NA,NA,NA,,1471,
GEN 43:31__NA,GEN 43:31,NA,NA,NA,,1472,
GEN 43:32__NA,GEN 43:32,NA,NA,NA,,1473,
GEN 43:33__NA,GEN 43:33,NA,NA,NA,,1474,
GEN 43:34__NA,GEN 43:34,NA,NA,NA,,1475,
GEN 44:1__NA,GEN 44:1,NA,NA,NA,,1476,
GEN 44:2__NA,GEN 44:2,NA,NA,NA,,1477,
GEN 44:3__NA,GEN 44:3,NA,NA,NA,,1478,
GEN 44:4__NA,GEN 44:4,NA,NA,NA,,1479,
GEN 44:5__NA,GEN 44:5,NA,NA,NA,,1480,
GEN 44:6__NA,GEN 44:6,NA,NA,NA,,1481,
GEN 44:7__NA,GEN 44:7,NA,NA,NA,,1482,
GEN 44:8__Canaan_1_1,GEN 44:8,Canaan_1_1,Canaan_1,Canaan,1,1483,the land of Canaan
GEN 44:9__NA,GEN 44:9,NA,NA,NA,,1484,
GEN 44:10__NA,GEN 44:10,NA,NA,NA,,1485,
GEN 44:11__NA,GEN 44:11,NA,NA,NA,,1486,
GEN 44:12__NA,GEN 44:12,NA,NA,NA,,1487,
GEN 44:13__NA,GEN 44:13,NA,NA,NA,,1488,
GEN 44:14__NA,GEN 44:14,NA,NA,NA,,1489,
GEN 44:15__NA,GEN 44:15,NA,NA,NA,,1490,
GEN 44:16__NA,GEN 44:16,NA,NA,NA,,1491,
GEN 44:17__NA,GEN 44:17,NA,NA,NA,,1492,
GEN 44:18__NA,GEN 44:18,NA,NA,NA,,1493,
GEN 44:19__NA,GEN 44:19,NA,NA,NA,,1494,
GEN 44:20__NA,GEN 44:20,NA,NA,NA,,1495,
GEN 44:21__NA,GEN 44:21,NA,NA,NA,,1496,
GEN 44:22__NA,GEN 44:22,NA,NA,NA,,1497,
GEN 44:23__NA,GEN 44:23,NA,NA,NA,,1498,
GEN 44:24__NA,GEN 44:24,NA,NA,NA,,1499,
GEN 44:25__NA,GEN 44:25,NA,NA,NA,,1500,
GEN 44:26__NA,GEN 44:26,NA,NA,NA,,1501,
GEN 44:27__NA,GEN 44:27,NA,NA,NA,,1502,
GEN 44:28__NA,GEN 44:28,NA,NA,NA,,1503,
GEN 44:29__NA,GEN 44:29,NA,NA,NA,,1504,
GEN 44:30__NA,GEN 44:30,NA,NA,NA,,1505,
GEN 44:31__NA,GEN 44:31,NA,NA,NA,,1506,
GEN 44:32__NA,GEN 44:32,NA,NA,NA,,1507,
GEN 44:33__NA,GEN 44:33,NA,NA,NA,,1508,
GEN 44:34__NA,GEN 44:34,NA,NA,NA,,1509,
GEN 45:1__NA,GEN 45:1,NA,NA,NA,,1510,
GEN 45:2__NA,GEN 45:2,NA,NA,NA,,1511,
GEN 45:3__NA,GEN 45:3,NA,NA,NA,,1512,
GEN 45:4__Egypt_1_1,GEN 45:4,Egypt_1_1,Egypt_1,Egypt,1,1513,
GEN 45:5__NA,GEN 45:5,NA,NA,NA,,1514,
GEN 45:6__NA,GEN 45:6,NA,NA,NA,,1515,
GEN 45:7__NA,GEN 45:7,NA,NA,NA,,1516,
GEN 45:8__Egypt_1_1,GEN 45:8,Egypt_1_1,Egypt_1,Egypt,1,1517,the land of Egypt
GEN 45:9__Egypt_1_1,GEN 45:9,Egypt_1_1,Egypt_1,Egypt,1,1518,
GEN 45:10__Goshen_1_1,GEN 45:10,Goshen_1_1,Goshen_1,Goshen,1,1519,the land of Goshen
GEN 45:11__NA,GEN 45:11,NA,NA,NA,,1520,
GEN 45:12__NA,GEN 45:12,NA,NA,NA,,1521,
GEN 45:13__Egypt_1_1,GEN 45:13,Egypt_1_1,Egypt_1,Egypt,1,1522,
GEN 45:14__NA,GEN 45:14,NA,NA,NA,,1523,
GEN 45:15__NA,GEN 45:15,NA,NA,NA,,1524,
GEN 45:16__NA,GEN 45:16,NA,NA,NA,,1525,
GEN 45:17__Canaan_1_1,GEN 45:17,Canaan_1_1,Canaan_1,Canaan,1,1526,the land of Canaan
GEN 45:18__Egypt_1_1,GEN 45:18,Egypt_1_1,Egypt_1,Egypt,1,1527,the land of Egypt
GEN 45:19__Egypt_1_1,GEN 45:19,Egypt_1_1,Egypt_1,Egypt,1,1528,the land of Egypt
GEN 45:20__Egypt_1_1,GEN 45:20,Egypt_1_1,Egypt_1,Egypt,1,1529,the land of Egypt
GEN 45:21__NA,GEN 45:21,NA,NA,NA,,1530,
GEN 45:22__NA,GEN 45:22,NA,NA,NA,,1531,
GEN 45:23__Egypt_1_1,GEN 45:23,Egypt_1_1,Egypt_1,Egypt,1,1532,
GEN 45:24__NA,GEN 45:24,NA,NA,NA,,1533,
GEN 45:25__Egypt_1_1,GEN 45:25,Egypt_1_1,Egypt_1,Egypt,1,1534,
GEN 45:25__Canaan_1_1,GEN 45:25,Canaan_1_1,Canaan_1,Canaan,1,1535,the land of Canaan
GEN 45:26__Egypt_1_1,GEN 45:26,Egypt_1_1,Egypt_1,Egypt,1,1536,the land of Egypt
GEN 45:27__NA,GEN 45:27,NA,NA,NA,,1537,
GEN 45:28__NA,GEN 45:28,NA,NA,NA,,1538,
GEN 46:1__Beersheba_1_1,GEN 46:1,Beersheba_1_1,Beersheba_1,Beersheba,1,1539,
GEN 46:2__NA,GEN 46:2,NA,NA,NA,,1540,
GEN 46:3__Egypt_1_1,GEN 46:3,Egypt_1_1,Egypt_1,Egypt,1,1541,
GEN 46:4__Egypt_1_1,GEN 46:4,Egypt_1_1,Egypt_1,Egypt,1,1542,
GEN 46:5__Beersheba_1_1,GEN 46:5,Beersheba_1_1,Beersheba_1,Beersheba,1,1543,
GEN 46:6__Canaan_1_1,GEN 46:6,Canaan_1_1,Canaan_1,Canaan,1,1544,the land of Canaan
GEN 46:6__Egypt_1_1,GEN 46:6,Egypt_1_1,Egypt_1,Egypt,1,1545,
GEN 46:7__Egypt_1_1,GEN 46:7,Egypt_1_1,Egypt_1,Egypt,1,1546,
GEN 46:8__Egypt_1_1,GEN 46:8,Egypt_1_1,Egypt_1,Egypt,1,1547,
GEN 46:9__NA,GEN 46:9,NA,NA,NA,,1548,
GEN 46:10__NA,GEN 46:10,NA,NA,NA,,1549,
GEN 46:11__NA,GEN 46:11,NA,NA,NA,,1550,
GEN 46:12__Canaan_1_1,GEN 46:12,Canaan_1_1,Canaan_1,Canaan,1,1551,the land of Canaan
GEN 46:13__NA,GEN 46:13,NA,NA,NA,,1552,
GEN 46:14__NA,GEN 46:14,NA,NA,NA,,1553,
GEN 46:15__Paddan-aram_1_1,GEN 46:15,Paddan-aram_1_1,Paddan-aram_1,Paddan-aram,1,1554,
GEN 46:16__NA,GEN 46:16,NA,NA,NA,,1555,
GEN 46:17__NA,GEN 46:17,NA,NA,NA,,1556,
GEN 46:18__NA,GEN 46:18,NA,NA,NA,,1557,
GEN 46:19__NA,GEN 46:19,NA,NA,NA,,1558,
GEN 46:20__Egypt_1_1,GEN 46:20,Egypt_1_1,Egypt_1,Egypt,1,1559,the land of Egypt
GEN 46:20__On_1_1,GEN 46:20,On_1_1,On_1,On,1,1560,
GEN 46:21__NA,GEN 46:21,NA,NA,NA,,1561,
GEN 46:22__NA,GEN 46:22,NA,NA,NA,,1562,
GEN 46:23__NA,GEN 46:23,NA,NA,NA,,1563,
GEN 46:24__NA,GEN 46:24,NA,NA,NA,,1564,
GEN 46:25__NA,GEN 46:25,NA,NA,NA,,1565,
GEN 46:26__Egypt_1_1,GEN 46:26,Egypt_1_1,Egypt_1,Egypt,1,1566,
GEN 46:27__Egypt_1_1,GEN 46:27,Egypt_1_1,Egypt_1,Egypt,2,1567,
GEN 46:28__Goshen_1_1,GEN 46:28,Goshen_1_1,Goshen_1,Goshen,2,1568,"Goshen, the land of Goshen"
GEN 46:29__Goshen_1_1,GEN 46:29,Goshen_1_1,Goshen_1,Goshen,1,1569,
GEN 46:30__NA,GEN 46:30,NA,NA,NA,,1570,
GEN 46:31__Canaan_1_1,GEN 46:31,Canaan_1_1,Canaan_1,Canaan,1,1571,the land of Canaan
GEN 46:32__NA,GEN 46:32,NA,NA,NA,,1572,
GEN 46:33__NA,GEN 46:33,NA,NA,NA,,1573,
GEN 46:34__Goshen_1_1,GEN 46:34,Goshen_1_1,Goshen_1,Goshen,1,1574,the land of Goshen
GEN 47:1__Canaan_1_1,GEN 47:1,Canaan_1_1,Canaan_1,Canaan,1,1575,the land of Canaan
GEN 47:1__Goshen_1_1,GEN 47:1,Goshen_1_1,Goshen_1,Goshen,1,1576,the land of Goshen
GEN 47:2__NA,GEN 47:2,NA,NA,NA,,1577,
GEN 47:3__NA,GEN 47:3,NA,NA,NA,,1578,
GEN 47:4__Canaan_1_1,GEN 47:4,Canaan_1_1,Canaan_1,Canaan,1,1579,the land of Canaan
GEN 47:4__Goshen_1_1,GEN 47:4,Goshen_1_1,Goshen_1,Goshen,1,1580,the land of Goshen
GEN 47:5__NA,GEN 47:5,NA,NA,NA,,1581,
GEN 47:6__Egypt_1_1,GEN 47:6,Egypt_1_1,Egypt_1,Egypt,1,1582,the land of Egypt
GEN 47:6__Goshen_1_1,GEN 47:6,Goshen_1_1,Goshen_1,Goshen,1,1583,the land of Goshen
GEN 47:7__NA,GEN 47:7,NA,NA,NA,,1584,
GEN 47:8__NA,GEN 47:8,NA,NA,NA,,1585,
GEN 47:9__NA,GEN 47:9,NA,NA,NA,,1586,
GEN 47:10__NA,GEN 47:10,NA,NA,NA,,1587,
GEN 47:11__Egypt_1_1,GEN 47:11,Egypt_1_1,Egypt_1,Egypt,1,1588,the land of Egypt
GEN 47:11__Rameses_1_1,GEN 47:11,Rameses_1_1,Rameses_1,Rameses,1,1589,the land of Rameses
GEN 47:12__NA,GEN 47:12,NA,NA,NA,,1590,
GEN 47:13__Egypt_1_1,GEN 47:13,Egypt_1_1,Egypt_1,Egypt,1,1591,the land of Egypt
GEN 47:13__Canaan_1_1,GEN 47:13,Canaan_1_1,Canaan_1,Canaan,1,1592,the land of Canaan
GEN 47:14__Egypt_1_1,GEN 47:14,Egypt_1_1,Egypt_1,Egypt,1,1593,the land of Egypt
GEN 47:14__Canaan_1_1,GEN 47:14,Canaan_1_1,Canaan_1,Canaan,1,1594,the land of Canaan
GEN 47:15__Egypt_1_1,GEN 47:15,Egypt_1_1,Egypt_1,Egypt,1,1595,the land of Egypt
GEN 47:15__Canaan_1_1,GEN 47:15,Canaan_1_1,Canaan_1,Canaan,1,1596,the land of Canaan
GEN 47:16__NA,GEN 47:16,NA,NA,NA,,1597,
GEN 47:17__NA,GEN 47:17,NA,NA,NA,,1598,
GEN 47:18__NA,GEN 47:18,NA,NA,NA,,1599,
GEN 47:19__NA,GEN 47:19,NA,NA,NA,,1600,
GEN 47:20__Egypt_1_1,GEN 47:20,Egypt_1_1,Egypt_1,Egypt,1,1601,the land of Egypt
GEN 47:21__Egypt_1_1,GEN 47:21,Egypt_1_1,Egypt_1,Egypt,1,1602,
GEN 47:22__NA,GEN 47:22,NA,NA,NA,,1603,
GEN 47:23__NA,GEN 47:23,NA,NA,NA,,1604,
GEN 47:24__NA,GEN 47:24,NA,NA,NA,,1605,
GEN 47:25__NA,GEN 47:25,NA,NA,NA,,1606,
GEN 47:26__Egypt_1_1,GEN 47:26,Egypt_1_1,Egypt_1,Egypt,1,1607,the land of Egypt
GEN 47:27__Egypt_1_1,GEN 47:27,Egypt_1_1,Egypt_1,Egypt,1,1608,the land of Egypt
GEN 47:27__Goshen_1_1,GEN 47:27,Goshen_1_1,Goshen_1,Goshen,1,1609,
GEN 47:28__Egypt_1_1,GEN 47:28,Egypt_1_1,Egypt_1,Egypt,1,1610,the land of Egypt
GEN 47:29__Egypt_1_1,GEN 47:29,Egypt_1_1,Egypt_1,Egypt,1,1611,
GEN 47:30__Egypt_1_1,GEN 47:30,Egypt_1_1,Egypt_1,Egypt,1,1612,
GEN 47:31__NA,GEN 47:31,NA,NA,NA,,1613,
GEN 48:1__NA,GEN 48:1,NA,NA,NA,,1614,
GEN 48:2__NA,GEN 48:2,NA,NA,NA,,1615,
GEN 48:3__Bethel_1_2,GEN 48:3,Bethel_1_2,Bethel_1,Luz,1,1616,
GEN 48:3__Canaan_1_1,GEN 48:3,Canaan_1_1,Canaan_1,Canaan,1,1617,the land of Canaan
GEN 48:4__NA,GEN 48:4,NA,NA,NA,,1618,
GEN 48:5__Egypt_1_1,GEN 48:5,Egypt_1_1,Egypt_1,Egypt,2,1619,"the land of Egypt, Egypt"
GEN 48:6__NA,GEN 48:6,NA,NA,NA,,1620,
GEN 48:7__Paddan-aram_1_1,GEN 48:7,Paddan-aram_1_1,Paddan-aram_1,Paddan-aram,1,1621,Paddan
GEN 48:7__Canaan_1_1,GEN 48:7,Canaan_1_1,Canaan_1,Canaan,1,1622,the land of Canaan
GEN 48:7__Bethlehem_1_1,GEN 48:7,Bethlehem_1_1,Bethlehem_1,Ephrath,2,1623,
GEN 48:7__Bethlehem_1_2,GEN 48:7,Bethlehem_1_2,Bethlehem_1,Bethlehem,1,1624,
GEN 48:8__NA,GEN 48:8,NA,NA,NA,,1625,
GEN 48:9__NA,GEN 48:9,NA,NA,NA,,1626,
GEN 48:10__NA,GEN 48:10,NA,NA,NA,,1627,
GEN 48:11__NA,GEN 48:11,NA,NA,NA,,1628,
GEN 48:12__NA,GEN 48:12,NA,NA,NA,,1629,
GEN 48:13__NA,GEN 48:13,NA,NA,NA,,1630,
GEN 48:14__NA,GEN 48:14,NA,NA,NA,,1631,
GEN 48:15__NA,GEN 48:15,NA,NA,NA,,1632,
GEN 48:16__NA,GEN 48:16,NA,NA,NA,,1633,
GEN 48:17__NA,GEN 48:17,NA,NA,NA,,1634,
GEN 48:18__NA,GEN 48:18,NA,NA,NA,,1635,
GEN 48:19__NA,GEN 48:19,NA,NA,NA,,1636,
GEN 48:20__NA,GEN 48:20,NA,NA,NA,,1637,
GEN 48:21__NA,GEN 48:21,NA,NA,NA,,1638,
GEN 48:22__NA,GEN 48:22,NA,NA,NA,,1639,
GEN 49:1__NA,GEN 49:1,NA,NA,NA,,1640,
GEN 49:2__NA,GEN 49:2,NA,NA,NA,,1641,
GEN 49:3__NA,GEN 49:3,NA,NA,NA,,1642,
GEN 49:4__NA,GEN 49:4,NA,NA,NA,,1643,
GEN 49:5__NA,GEN 49:5,NA,NA,NA,,1644,
GEN 49:6__NA,GEN 49:6,NA,NA,NA,,1645,
GEN 49:7__NA,GEN 49:7,NA,NA,NA,,1646,
GEN 49:8__NA,GEN 49:8,NA,NA,NA,,1647,
GEN 49:9__NA,GEN 49:9,NA,NA,NA,,1648,
GEN 49:10__Shiloh_1_1,GEN 49:10,Shiloh_1_1,Shiloh_1,Shiloh,1,1649,
GEN 49:11__NA,GEN 49:11,NA,NA,NA,,1650,
GEN 49:12__NA,GEN 49:12,NA,NA,NA,,1651,
GEN 49:13__Sidon_1_1,GEN 49:13,Sidon_1_1,Sidon_1,Sidon,1,1652,
GEN 49:14__NA,GEN 49:14,NA,NA,NA,,1653,
GEN 49:15__NA,GEN 49:15,NA,NA,NA,,1654,
GEN 49:16__NA,GEN 49:16,NA,NA,NA,,1655,
GEN 49:17__NA,GEN 49:17,NA,NA,NA,,1656,
GEN 49:18__NA,GEN 49:18,NA,NA,NA,,1657,
GEN 49:19__NA,GEN 49:19,NA,NA,NA,,1658,
GEN 49:20__NA,GEN 49:20,NA,NA,NA,,1659,
GEN 49:21__NA,GEN 49:21,NA,NA,NA,,1660,
GEN 49:22__NA,GEN 49:22,NA,NA,NA,,1661,
GEN 49:23__NA,GEN 49:23,NA,NA,NA,,1662,
GEN 49:24__NA,GEN 49:24,NA,NA,NA,,1663,
GEN 49:25__heaven_2_1,GEN 49:25,heaven_2_1,heaven_2,heaven,1,1664,blessings of heaven
GEN 49:26__NA,GEN 49:26,NA,NA,NA,,1665,
GEN 49:27__NA,GEN 49:27,NA,NA,NA,,1666,
GEN 49:28__NA,GEN 49:28,NA,NA,NA,,1667,
GEN 49:29__NA,GEN 49:29,NA,NA,NA,,1668,
GEN 49:30__Machpelah_1_1,GEN 49:30,Machpelah_1_1,Machpelah_1,Machpelah,1,1669,
GEN 49:30__Mamre_1_1,GEN 49:30,Mamre_1_1,Mamre_1,Mamre,1,1670,
GEN 49:30__Canaan_1_1,GEN 49:30,Canaan_1_1,Canaan_1,Canaan,1,1671,the land of Canaan
GEN 49:31__NA,GEN 49:31,NA,NA,NA,,1672,
GEN 49:32__NA,GEN 49:32,NA,NA,NA,,1673,
GEN 49:33__NA,GEN 49:33,NA,NA,NA,,1674,
GEN 50:1__NA,GEN 50:1,NA,NA,NA,,1675,
GEN 50:2__NA,GEN 50:2,NA,NA,NA,,1676,
GEN 50:3__NA,GEN 50:3,NA,NA,NA,,1677,
GEN 50:4__NA,GEN 50:4,NA,NA,NA,,1678,
GEN 50:5__Canaan_1_1,GEN 50:5,Canaan_1_1,Canaan_1,Canaan,1,1679,the land of Canaan
GEN 50:6__NA,GEN 50:6,NA,NA,NA,,1680,
GEN 50:7__Egypt_1_1,GEN 50:7,Egypt_1_1,Egypt_1,Egypt,1,1681,the land of Egypt
GEN 50:8__Goshen_1_1,GEN 50:8,Goshen_1_1,Goshen_1,Goshen,1,1682,the land of Goshen
GEN 50:9__NA,GEN 50:9,NA,NA,NA,,1683,
GEN 50:10__Atad_1_1,GEN 50:10,Atad_1_1,Atad_1,Atad,1,1684,
GEN 50:10__Jordan_1_1,GEN 50:10,Jordan_1_1,Jordan_1,Jordan,1,1685,
GEN 50:11__Atad_1_1,GEN 50:11,Atad_1_1,Atad_1,Atad,1,1686,
GEN 50:11__Atad_1_2,GEN 50:11,Atad_1_2,Atad_1,Abel-mizraim,1,1687,
GEN 50:11__Jordan_1_1,GEN 50:11,Jordan_1_1,Jordan_1,Jordan,1,1688,
GEN 50:12__NA,GEN 50:12,NA,NA,NA,,1689,
GEN 50:13__Canaan_1_1,GEN 50:13,Canaan_1_1,Canaan_1,Canaan,1,1690,the land of Canaan
GEN 50:13__Machpelah_1_1,GEN 50:13,Machpelah_1_1,Machpelah_1,Machpelah,1,1691,
GEN 50:13__Mamre_1_1,GEN 50:13,Mamre_1_1,Mamre_1,Mamre,1,1692,
GEN 50:14__Egypt_1_1,GEN 50:14,Egypt_1_1,Egypt_1,Egypt,1,1693,
GEN 50:15__NA,GEN 50:15,NA,NA,NA,,1694,
GEN 50:16__NA,GEN 50:16,NA,NA,NA,,1695,
GEN 50:17__NA,GEN 50:17,NA,NA,NA,,1696,
GEN 50:18__NA,GEN 50:18,NA,NA,NA,,1697,
GEN 50:19__NA,GEN 50:19,NA,NA,NA,,1698,
GEN 50:20__NA,GEN 50:20,NA,NA,NA,,1699,
GEN 50:21__NA,GEN 50:21,NA,NA,NA,,1700,
GEN 50:22__Egypt_1_1,GEN 50:22,Egypt_1_1,Egypt_1,Egypt,1,1701,
GEN 50:23__NA,GEN 50:23,NA,NA,NA,,1702,
GEN 50:24__NA,GEN 50:24,NA,NA,NA,,1703,
GEN 50:25__NA,GEN 50:25,NA,NA,NA,,1704,
GEN 50:26__Egypt_1_1,GEN 50:26,Egypt_1_1,Egypt_1,Egypt,1,1705,
EXO 1:1__Egypt_1_1,EXO 1:1,Egypt_1_1,Egypt_1,Egypt,1,1706,
