person_verse_id,reference_id,person_label_id,person_id,person_label,person_label_count,person_verse_sequence,person_verse_notes
MAT 1:1__Yhvh_1_123,MAT 1:1,Yhvh_1_123,Yhvh_1,Jesus,1,34517,
MAT 1:1__Yhvh_1_124,MAT 1:1,Yhvh_1_124,Yhvh_1,The Messiah,1,34518,
MAT 1:1__Yhvh_1_125,MAT 1:1,Yhvh_1_125,Yhvh_1,Son of David,1,34519,
MAT 1:1__Yhvh_1_126,MAT 1:1,Yhvh_1_126,Yhvh_1,Son of Abraham,1,34520,
MAT 1:2__Abram_1_2,MAT 1:2,Abram_1_2,Abram_1,Abraham,1,34521,
MAT 1:2__Isaac_1_1,MAT 1:2,Isaac_1_1,Isaac_1,Isaac,2,34522,
MAT 1:2__Jacob_1_1,MAT 1:2,Jacob_1_1,Jacob_1,Jacob,2,34523,
MAT 1:2__Judah_1_1,MAT 1:2,Judah_1_1,Judah_1,Judah,1,34524,
MAT 1:3__Judah_1_1,MAT 1:3,Judah_1_1,Judah_1,Judah,1,34525,
MAT 1:3__Perez_1_1,MAT 1:3,Perez_1_1,Perez_1,Perez,2,34526,
MAT 1:3__Zerah_3_1,MAT 1:3,Zerah_3_1,Zerah_3,Zerah,1,34527,
MAT 1:3__Tamar_1_1,MAT 1:3,Tamar_1_1,Tamar_1,Tamar,1,34528,
MAT 1:3__Hezron_2_1,MAT 1:3,Hezron_2_1,Hezron_2,Hezron,1,34529,
MAT 1:3__Ram_1_1,MAT 1:3,Ram_1_1,Ram_1,Ram,1,34530,
MAT 1:4__Ram_1_1,MAT 1:4,Ram_1_1,Ram_1,Ram,1,34531,
MAT 1:4__Amminadab_1_1,MAT 1:4,Amminadab_1_1,Amminadab_1,Amminadab,2,34532,
MAT 1:4__Nahshon_1_1,MAT 1:4,Nahshon_1_1,Nahshon_1,Nahshon,2,34533,
MAT 1:4__Salmon_1_1,MAT 1:4,Salmon_1_1,Salmon_1,Salmon,1,34534,
MAT 1:5__Salmon_1_1,MAT 1:5,Salmon_1_1,Salmon_1,Salmon,1,34535,
MAT 1:5__Boaz_1_1,MAT 1:5,Boaz_1_1,Boaz_1,Boaz,2,34536,
MAT 1:5__Rahab_1_1,MAT 1:5,Rahab_1_1,Rahab_1,Rahab,1,34537,
MAT 1:5__Obed_1_1,MAT 1:5,Obed_1_1,Obed_1,Obed,2,34538,
MAT 1:5__Ruth_1_1,MAT 1:5,Ruth_1_1,Ruth_1,Ruth,1,34539,
MAT 1:5__Jesse_1_1,MAT 1:5,Jesse_1_1,Jesse_1,Jesse,1,34540,
MAT 1:6__Jesse_1_1,MAT 1:6,Jesse_1_1,Jesse_1,Jesse,1,34541,
MAT 1:6__David_1_1,MAT 1:6,David_1_1,David_1,David,2,34542,
MAT 1:6__Solomon_1_1,MAT 1:6,Solomon_1_1,Solomon_1,Solomon,1,34543,
MAT 1:6__Bathsheba_1_1,MAT 1:6,Bathsheba_1_1,Bathsheba_1,Bathsheba,1,34544,
MAT 1:6__Uriah_1_1,MAT 1:6,Uriah_1_1,Uriah_1,Uriah,1,34545,the Hittite
MAT 1:7__Solomon_1_1,MAT 1:7,Solomon_1_1,Solomon_1,Solomon,1,34546,
MAT 1:7__Rehoboam_1_1,MAT 1:7,Rehoboam_1_1,Rehoboam_1,Rehoboam,2,34547,
MAT 1:7__Abijam_1_2,MAT 1:7,Abijam_1_2,Abijam_1,Abijah,2,34548,
MAT 1:7__Asa_1_1,MAT 1:7,Asa_1_1,Asa_1,Asa,1,34549,
MAT 1:8__Asa_1_1,MAT 1:8,Asa_1_1,Asa_1,Asa,1,34550,
MAT 1:8__Jehoshaphat_3_1,MAT 1:8,Jehoshaphat_3_1,Jehoshaphat_3,Jehoshaphat,2,34551,
MAT 1:8__Jehoram_1_3,MAT 1:8,Jehoram_1_3,Jehoram_1,Joram,2,34552,
MAT 1:8__Azariah_3_3,MAT 1:8,Azariah_3_3,Azariah_3,Uzziah,1,34553,technically the great-great grandfather
MAT 1:9__Azariah_3_3,MAT 1:9,Azariah_3_3,Azariah_3,Uzziah,1,34554,
MAT 1:9__Jotham_2_1,MAT 1:9,Jotham_2_1,Jotham_2,Jotham,2,34555,
MAT 1:9__Ahaz_1_1,MAT 1:9,Ahaz_1_1,Ahaz_1,Ahaz,2,34556,
MAT 1:9__Hezekiah_1_1,MAT 1:9,Hezekiah_1_1,Hezekiah_1,Hezekiah,1,34557,
MAT 1:10__Hezekiah_1_1,MAT 1:10,Hezekiah_1_1,Hezekiah_1,Hezekiah,1,34558,
MAT 1:10__Manasseh_3_1,MAT 1:10,Manasseh_3_1,Manasseh_3,Manasseh,2,34559,
MAT 1:10__Amon_2_1,MAT 1:10,Amon_2_1,Amon_2,Amon,2,34560,
MAT 1:10__Josiah_1_1,MAT 1:10,Josiah_1_1,Josiah_1,Josiah,1,34561,technically the grandfather
MAT 1:11__Josiah_1_1,MAT 1:11,Josiah_1_1,Josiah_1,Josiah,1,34562,
MAT 1:11__Jehoiachin_1_3,MAT 1:11,Jehoiachin_1_3,Jehoiachin_1,Jeconiah,1,34563,
MAT 1:12__Jehoiachin_1_3,MAT 1:12,Jehoiachin_1_3,Jehoiachin_1,Jeconiah,1,34564,
MAT 1:12__Shealtiel_1_1,MAT 1:12,Shealtiel_1_1,Shealtiel_1,Shealtiel,1,34565,
MAT 1:12__Zerubbabel_2_1,MAT 1:12,Zerubbabel_2_1,Zerubbabel_2,Zerubbabel,1,34566,
MAT 1:13__Zerubbabel_2_1,MAT 1:13,Zerubbabel_2_1,Zerubbabel_2,Zerubbabel,1,34567,
MAT 1:13__Abihud_2_1,MAT 1:13,Abihud_2_1,Abihud_2,Abihud,1,34568,
MAT 1:13__Eliakim_4_1,MAT 1:13,Eliakim_4_1,Eliakim_4,Eliakim,1,34569,
MAT 1:13__Azor_1_1,MAT 1:13,Azor_1_1,Azor_1,Azor,1,34570,
MAT 1:14__Azor_1_1,MAT 1:14,Azor_1_1,Azor_1,Azor,1,34571,
MAT 1:14__Zadok_7_1,MAT 1:14,Zadok_7_1,Zadok_7,Zadok,1,34572,
MAT 1:14__Achim_1_1,MAT 1:14,Achim_1_1,Achim_1,Achim,1,34573,
MAT 1:14__Eliud_1_1,MAT 1:14,Eliud_1_1,Eliud_1,Eliud,1,34574,
MAT 1:15__Eliud_1_1,MAT 1:15,Eliud_1_1,Eliud_1,Eliud,1,34575,
MAT 1:15__Eleazar_9_1,MAT 1:15,Eleazar_9_1,Eleazar_9,Eleazar,1,34576,
MAT 1:15__Matthan_1_1,MAT 1:15,Matthan_1_1,Matthan_1,Matthan,1,34577,
MAT 1:15__Jacob_2_1,MAT 1:15,Jacob_2_1,Jacob_2,Jacob,1,34578,
MAT 1:16__Jacob_2_1,MAT 1:16,Jacob_2_1,Jacob_2,Jacob,1,34579,
MAT 1:16__Joseph_6_1,MAT 1:16,Joseph_6_1,Joseph_6,Joseph,1,34580,
MAT 1:16__Mary_1_1,MAT 1:16,Mary_1_1,Mary_1,Mary,1,34581,
MAT 1:16__Yhvh_1_123,MAT 1:16,Yhvh_1_123,Yhvh_1,Jesus,1,34582,
MAT 1:16__Yhvh_1_124,MAT 1:16,Yhvh_1_124,Yhvh_1,The Messiah,1,34583,
MAT 1:17__Abram_1_2,MAT 1:17,Abram_1_2,Abram_1,Abraham,1,34584,
MAT 1:17__David_1_1,MAT 1:17,David_1_1,David_1,David,2,34585,
MAT 1:17__Yhvh_1_124,MAT 1:17,Yhvh_1_124,Yhvh_1,The Messiah,1,34586,
MAT 1:18__Yhvh_1_127,MAT 1:18,Yhvh_1_127,Yhvh_1,Jesus Christ,1,34587,
MAT 1:18__Mary_1_1,MAT 1:18,Mary_1_1,Mary_1,Mary,1,34588,
MAT 1:18__Joseph_6_1,MAT 1:18,Joseph_6_1,Joseph_6,Joseph,1,34589,
MAT 1:19__Joseph_6_1,MAT 1:19,Joseph_6_1,Joseph_6,Joseph,1,34590,
MAT 1:20__Yhvh_1_11,MAT 1:20,Yhvh_1_11,Yhvh_1,Lord,1,34591,an angel of the Lord
MAT 1:20__Joseph_6_1,MAT 1:20,Joseph_6_1,Joseph_6,Joseph,1,34592,
MAT 1:20__Joseph_6_2,MAT 1:20,Joseph_6_2,Joseph_6,Son of David,1,34593,
MAT 1:20__Mary_1_1,MAT 1:20,Mary_1_1,Mary_1,Mary,1,34594,
MAT 1:21__Yhvh_1_123,MAT 1:21,Yhvh_1_123,Yhvh_1,Jesus,1,34595,
MAT 1:22__Yhvh_1_11,MAT 1:22,Yhvh_1_11,Yhvh_1,Lord,1,34596,
MAT 1:23__Yhvh_1_128,MAT 1:23,Yhvh_1_128,Yhvh_1,Immanuel,1,34597,
MAT 1:23__Yhvh_1_129,MAT 1:23,Yhvh_1_129,Yhvh_1,G-d With Us,1,34598,
MAT 1:24__Joseph_6_1,MAT 1:24,Joseph_6_1,Joseph_6,Joseph,1,34599,
MAT 1:24__Yhvh_1_11,MAT 1:24,Yhvh_1_11,Yhvh_1,Lord,1,34600,
MAT 1:24__Mary_1_1,MAT 1:24,Mary_1_1,Mary_1,Mary,1,34601,
MAT 1:25__Yhvh_1_123,MAT 1:25,Yhvh_1_123,Yhvh_1,Jesus,1,34602,
MAT 2:1__Yhvh_1_123,MAT 2:1,Yhvh_1_123,Yhvh_1,Jesus,1,34603,
MAT 2:1__Herod_1_1,MAT 2:1,Herod_1_1,Herod_1,Herod,1,34604,Herod the king
MAT 2:2__Yhvh_1_130,MAT 2:2,Yhvh_1_130,Yhvh_1,King of the Jews,1,34605,
MAT 2:3__Herod_1_1,MAT 2:3,Herod_1_1,Herod_1,Herod,1,34606,Herod the king
MAT 2:4__Yhvh_1_124,MAT 2:4,Yhvh_1_124,Yhvh_1,The Messiah,1,34607,
MAT 2:5__NA,MAT 2:5,NA,NA,NA,,34608,
MAT 2:6__NA,MAT 2:6,NA,NA,NA,,34609,Judah and Israel here are the region/nation rather than the individual
MAT 2:7__Herod_1_1,MAT 2:7,Herod_1_1,Herod_1,Herod,1,34610,
MAT 2:8__NA,MAT 2:8,NA,NA,NA,,34611,
MAT 2:9__NA,MAT 2:9,NA,NA,NA,,34612,
MAT 2:10__NA,MAT 2:10,NA,NA,NA,,34613,
MAT 2:11__Mary_1_1,MAT 2:11,Mary_1_1,Mary_1,Mary,1,34614,
MAT 2:12__Herod_1_1,MAT 2:12,Herod_1_1,Herod_1,Herod,1,34615,
MAT 2:13__Yhvh_1_11,MAT 2:13,Yhvh_1_11,Yhvh_1,Lord,1,34616,an angel of the Lord
MAT 2:13__Joseph_6_1,MAT 2:13,Joseph_6_1,Joseph_6,Joseph,1,34617,
MAT 2:13__Herod_1_1,MAT 2:13,Herod_1_1,Herod_1,Herod,1,34618,
MAT 2:14__Joseph_6_1,MAT 2:14,Joseph_6_1,Joseph_6,Joseph,1,34619,
MAT 2:15__Herod_1_1,MAT 2:15,Herod_1_1,Herod_1,Herod,1,34620,
MAT 2:15__Yhvh_1_11,MAT 2:15,Yhvh_1_11,Yhvh_1,Lord,1,34621,
MAT 2:15__Yhvh_1_131,MAT 2:15,Yhvh_1_131,Yhvh_1,Son,1,34622,My Son
MAT 2:16__Herod_1_1,MAT 2:16,Herod_1_1,Herod_1,Herod,1,34623,
MAT 2:17__Jeremiah_6_1,MAT 2:17,Jeremiah_6_1,Jeremiah_6,Jeremiah,1,34624,Jeremiah the prophet
MAT 2:18__Rachel_1_1,MAT 2:18,Rachel_1_1,Rachel_1,Rachel,1,34625,
MAT 2:19__Herod_1_1,MAT 2:19,Herod_1_1,Herod_1,Herod,1,34626,
MAT 2:19__Yhvh_1_11,MAT 2:19,Yhvh_1_11,Yhvh_1,Lord,1,34627,an angel of the Lord
MAT 2:19__Joseph_6_1,MAT 2:19,Joseph_6_1,Joseph_6,Joseph,1,34628,
MAT 2:20__NA,MAT 2:20,NA,NA,NA,,34629,
MAT 2:21__Joseph_6_1,MAT 2:21,Joseph_6_1,Joseph_6,Joseph,1,34630,
MAT 2:22__Archelaus_1_1,MAT 2:22,Archelaus_1_1,Archelaus_1,Archelaus,1,34631,
MAT 2:22__Herod_1_1,MAT 2:22,Herod_1_1,Herod_1,Herod,1,34632,
MAT 2:23__Yhvh_1_132,MAT 2:23,Yhvh_1_132,Yhvh_1,Nazarene,1,34633,
MAT 3:1__John_1_2,MAT 3:1,John_1_2,John_1,John the Baptist,1,34634,
MAT 3:2__NA,MAT 3:2,NA,NA,NA,,34635,
MAT 3:3__Isaiah_1_1,MAT 3:3,Isaiah_1_1,Isaiah_1,Isaiah,1,34636,
MAT 3:3__Yhvh_1_3,MAT 3:3,Yhvh_1_3,Yhvh_1,LORD,1,34637,
MAT 3:4__John_1_1,MAT 3:4,John_1_1,John_1,John,1,34638,
MAT 3:5__NA,MAT 3:5,NA,NA,NA,,34639,
MAT 3:6__NA,MAT 3:6,NA,NA,NA,,34640,
MAT 3:7__NA,MAT 3:7,NA,NA,NA,,34641,
MAT 3:8__NA,MAT 3:8,NA,NA,NA,,34642,
MAT 3:9__Abram_1_2,MAT 3:9,Abram_1_2,Abram_1,Abraham,2,34643,
MAT 3:9__Yhvh_1_1,MAT 3:9,Yhvh_1_1,Yhvh_1,G-d,1,34644,
MAT 3:10__NA,MAT 3:10,NA,NA,NA,,34645,
MAT 3:11__NA,MAT 3:11,NA,NA,NA,,34646,
MAT 3:12__NA,MAT 3:12,NA,NA,NA,,34647,
MAT 3:13__Yhvh_1_123,MAT 3:13,Yhvh_1_123,Yhvh_1,Jesus,1,34648,
MAT 3:13__John_1_1,MAT 3:13,John_1_1,John_1,John,1,34649,
MAT 3:14__John_1_1,MAT 3:14,John_1_1,John_1,John,1,34650,
MAT 3:15__Yhvh_1_123,MAT 3:15,Yhvh_1_123,Yhvh_1,Jesus,1,34651,
MAT 3:16__Yhvh_1_123,MAT 3:16,Yhvh_1_123,Yhvh_1,Jesus,1,34652,
MAT 3:17__Yhvh_1_133,MAT 3:17,Yhvh_1_133,Yhvh_1,My beloved Son,1,34653,
MAT 4:1__Yhvh_1_123,MAT 4:1,Yhvh_1_123,Yhvh_1,Jesus,1,34654,
MAT 4:1__Satan_1_2,MAT 4:1,Satan_1_2,Satan_1,the devil,1,34655,
MAT 4:2__NA,MAT 4:2,NA,NA,NA,,34656,
MAT 4:3__Satan_1_3,MAT 4:3,Satan_1_3,Satan_1,the tempter,1,34657,
MAT 4:3__Yhvh_1_134,MAT 4:3,Yhvh_1_134,Yhvh_1,Son of G-d,1,34658,
MAT 4:4__Yhvh_1_1,MAT 4:4,Yhvh_1_1,Yhvh_1,G-d,1,34659,The Modern Hebrew New Testament uses יהוה (G-d_1_3) here.
MAT 4:5__Satan_1_2,MAT 4:5,Satan_1_2,Satan_1,the devil,1,34660,
MAT 4:6__Yhvh_1_134,MAT 4:6,Yhvh_1_134,Yhvh_1,Son of G-d,1,34661,
MAT 4:7__Yhvh_1_123,MAT 4:7,Yhvh_1_123,Yhvh_1,Jesus,1,34662,
MAT 4:7__Yhvh_1_135,MAT 4:7,Yhvh_1_135,Yhvh_1,LORD G-d,1,34663,the LORD your G-d
MAT 4:8__Satan_1_2,MAT 4:8,Satan_1_2,Satan_1,the devil,1,34664,
MAT 4:9__NA,MAT 4:9,NA,NA,NA,,34665,
MAT 4:10__Yhvh_1_123,MAT 4:10,Yhvh_1_123,Yhvh_1,Jesus,1,34666,
MAT 4:10__Satan_1_4,MAT 4:10,Satan_1_4,Satan_1,Satan,1,34667,
MAT 4:10__Yhvh_1_135,MAT 4:10,Yhvh_1_135,Yhvh_1,LORD G-d,1,34668,the LORD your G-d
MAT 4:11__Satan_1_2,MAT 4:11,Satan_1_2,Satan_1,the devil,1,34669,
MAT 4:12__Yhvh_1_123,MAT 4:12,Yhvh_1_123,Yhvh_1,Jesus,1,34670,
MAT 4:12__John_1_1,MAT 4:12,John_1_1,John_1,John,1,34671,
MAT 4:13__NA,MAT 4:13,NA,NA,NA,,34672,Zebulun and Naphtali here are geographic regions rather than the individuals
MAT 4:14__NA,MAT 4:14,NA,NA,NA,,34673,
MAT 4:15__NA,MAT 4:15,NA,NA,NA,,34674,Zebulun and Naphtali here are geographic regions rather than the individuals
MAT 4:16__NA,MAT 4:16,NA,NA,NA,,34675,
MAT 4:17__Yhvh_1_123,MAT 4:17,Yhvh_1_123,Yhvh_1,Jesus,1,34676,
MAT 4:18__Yhvh_1_123,MAT 4:18,Yhvh_1_123,Yhvh_1,Jesus,1,34677,
MAT 4:18__Simon_1_1,MAT 4:18,Simon_1_1,Simon_1,Simon,1,34678,
MAT 4:18__Simon_1_2,MAT 4:18,Simon_1_2,Simon_1,Peter,1,34679,
MAT 4:18__Andrew_1_1,MAT 4:18,Andrew_1_1,Andrew_1,Andrew,1,34680,
MAT 4:19__NA,MAT 4:19,NA,NA,NA,,34681,
MAT 4:20__NA,MAT 4:20,NA,NA,NA,,34682,
MAT 4:21__James_1_1,MAT 4:21,James_1_1,James_1,James,1,34683,
MAT 4:21__Zebedee_1_1,MAT 4:21,Zebedee_1_1,Zebedee_1,Zebedee,2,34684,
MAT 4:21__John_2_1,MAT 4:21,John_2_1,John_2,John,1,34685,
MAT 4:22__NA,MAT 4:22,NA,NA,NA,,34686,
MAT 4:23__Yhvh_1_123,MAT 4:23,Yhvh_1_123,Yhvh_1,Jesus,1,34687,
MAT 4:24__NA,MAT 4:24,NA,NA,NA,,34688,
MAT 4:25__NA,MAT 4:25,NA,NA,NA,,34689,
MAT 5:1__Yhvh_1_123,MAT 5:1,Yhvh_1_123,Yhvh_1,Jesus,1,34690,
MAT 5:2__NA,MAT 5:2,NA,NA,NA,,34691,
MAT 5:3__NA,MAT 5:3,NA,NA,NA,,34692,
MAT 5:4__NA,MAT 5:4,NA,NA,NA,,34693,
MAT 5:5__NA,MAT 5:5,NA,NA,NA,,34694,
MAT 5:6__NA,MAT 5:6,NA,NA,NA,,34695,
MAT 5:7__NA,MAT 5:7,NA,NA,NA,,34696,
MAT 5:8__Yhvh_1_1,MAT 5:8,Yhvh_1_1,Yhvh_1,G-d,1,34697,
MAT 5:9__Yhvh_1_1,MAT 5:9,Yhvh_1_1,Yhvh_1,G-d,1,34698,sons of G-d
MAT 5:10__NA,MAT 5:10,NA,NA,NA,,34699,
MAT 5:11__NA,MAT 5:11,NA,NA,NA,,34700,
MAT 5:12__NA,MAT 5:12,NA,NA,NA,,34701,
MAT 5:13__NA,MAT 5:13,NA,NA,NA,,34702,
MAT 5:14__NA,MAT 5:14,NA,NA,NA,,34703,
MAT 5:15__NA,MAT 5:15,NA,NA,NA,,34704,
MAT 5:16__Yhvh_2_1,MAT 5:16,Yhvh_2_1,Yhvh_2,Father in heaven,1,34705,your Father who is in heaven
MAT 5:17__NA,MAT 5:17,NA,NA,NA,,34706,
MAT 5:18__NA,MAT 5:18,NA,NA,NA,,34707,
MAT 5:19__NA,MAT 5:19,NA,NA,NA,,34708,
MAT 5:20__NA,MAT 5:20,NA,NA,NA,,34709,
MAT 5:21__NA,MAT 5:21,NA,NA,NA,,34710,
MAT 5:22__NA,MAT 5:22,NA,NA,NA,,34711,
MAT 5:23__NA,MAT 5:23,NA,NA,NA,,34712,
MAT 5:24__NA,MAT 5:24,NA,NA,NA,,34713,
MAT 5:25__NA,MAT 5:25,NA,NA,NA,,34714,
MAT 5:26__NA,MAT 5:26,NA,NA,NA,,34715,
MAT 5:27__NA,MAT 5:27,NA,NA,NA,,34716,
MAT 5:28__NA,MAT 5:28,NA,NA,NA,,34717,
MAT 5:29__NA,MAT 5:29,NA,NA,NA,,34718,
MAT 5:30__NA,MAT 5:30,NA,NA,NA,,34719,
MAT 5:31__NA,MAT 5:31,NA,NA,NA,,34720,
MAT 5:32__NA,MAT 5:32,NA,NA,NA,,34721,
MAT 5:33__Yhvh_1_11,MAT 5:33,Yhvh_1_11,Yhvh_1,Lord,1,34722,
MAT 5:34__Yhvh_1_1,MAT 5:34,Yhvh_1_1,Yhvh_1,G-d,1,34723,throne of G-d
MAT 5:35__Yhvh_1_136,MAT 5:35,Yhvh_1_136,Yhvh_1,Great King,1,34724,the city of the Great King
MAT 5:36__NA,MAT 5:36,NA,NA,NA,,34725,
MAT 5:37__NA,MAT 5:37,NA,NA,NA,,34726,
MAT 5:38__NA,MAT 5:38,NA,NA,NA,,34727,
MAT 5:39__NA,MAT 5:39,NA,NA,NA,,34728,
MAT 5:40__NA,MAT 5:40,NA,NA,NA,,34729,
MAT 5:41__NA,MAT 5:41,NA,NA,NA,,34730,
MAT 5:42__NA,MAT 5:42,NA,NA,NA,,34731,
MAT 5:43__NA,MAT 5:43,NA,NA,NA,,34732,
MAT 5:44__NA,MAT 5:44,NA,NA,NA,,34733,
MAT 5:45__Yhvh_2_1,MAT 5:45,Yhvh_2_1,Yhvh_2,Father in heaven,1,34734,your Father who is in heaven
MAT 5:46__NA,MAT 5:46,NA,NA,NA,,34735,
MAT 5:47__NA,MAT 5:47,NA,NA,NA,,34736,
MAT 5:48__Yhvh_2_1,MAT 5:48,Yhvh_2_1,Yhvh_2,Father in heaven,1,34737,heavenly Father
MAT 6:1__Yhvh_2_1,MAT 6:1,Yhvh_2_1,Yhvh_2,Father in heaven,1,34738,your Father who is in heaven
MAT 6:2__NA,MAT 6:2,NA,NA,NA,,34739,
MAT 6:3__NA,MAT 6:3,NA,NA,NA,,34740,
MAT 6:4__Yhvh_2_2,MAT 6:4,Yhvh_2_2,Yhvh_2,Father,1,34741,
MAT 6:5__NA,MAT 6:5,NA,NA,NA,,34742,
MAT 6:6__Yhvh_2_2,MAT 6:6,Yhvh_2_2,Yhvh_2,Father,1,34743,
MAT 6:7__NA,MAT 6:7,NA,NA,NA,,34744,
MAT 6:8__Yhvh_2_2,MAT 6:8,Yhvh_2_2,Yhvh_2,Father,1,34745,
MAT 6:9__Yhvh_2_2,MAT 6:9,Yhvh_2_2,Yhvh_2,Father,1,34746,
MAT 6:10__NA,MAT 6:10,NA,NA,NA,,34747,
MAT 6:11__NA,MAT 6:11,NA,NA,NA,,34748,
MAT 6:12__NA,MAT 6:12,NA,NA,NA,,34749,
MAT 6:13__NA,MAT 6:13,NA,NA,NA,,34750,
MAT 6:14__Yhvh_2_1,MAT 6:14,Yhvh_2_1,Yhvh_2,Father in heaven,1,34751,heavenly Father
MAT 6:15__Yhvh_2_2,MAT 6:15,Yhvh_2_2,Yhvh_2,Father,1,34752,
MAT 6:16__NA,MAT 6:16,NA,NA,NA,,34753,
MAT 6:17__NA,MAT 6:17,NA,NA,NA,,34754,
MAT 6:18__Yhvh_2_2,MAT 6:18,Yhvh_2_2,Yhvh_2,Father,2,34755,
MAT 6:19__NA,MAT 6:19,NA,NA,NA,,34756,
MAT 6:20__NA,MAT 6:20,NA,NA,NA,,34757,
MAT 6:21__NA,MAT 6:21,NA,NA,NA,,34758,
MAT 6:22__NA,MAT 6:22,NA,NA,NA,,34759,
MAT 6:23__NA,MAT 6:23,NA,NA,NA,,34760,
MAT 6:24__Yhvh_1_1,MAT 6:24,Yhvh_1_1,Yhvh_1,G-d,1,34761,
MAT 6:25__NA,MAT 6:25,NA,NA,NA,,34762,
MAT 6:26__Yhvh_2_1,MAT 6:26,Yhvh_2_1,Yhvh_2,Father in heaven,1,34763,heavenly Father
MAT 6:27__NA,MAT 6:27,NA,NA,NA,,34764,
MAT 6:28__NA,MAT 6:28,NA,NA,NA,,34765,
MAT 6:29__Yhvh_2_2,MAT 6:29,Yhvh_2_2,Yhvh_2,Father,1,34766,
MAT 6:30__Yhvh_1_1,MAT 6:30,Yhvh_1_1,Yhvh_1,G-d,1,34767,
MAT 6:31__NA,MAT 6:31,NA,NA,NA,,34768,
MAT 6:32__Yhvh_2_1,MAT 6:32,Yhvh_2_1,Yhvh_2,Father in heaven,1,34769,heavenly Father
MAT 6:33__NA,MAT 6:33,NA,NA,NA,,34770,
MAT 6:34__NA,MAT 6:34,NA,NA,NA,,34771,
MAT 7:1__NA,MAT 7:1,NA,NA,NA,,34772,
MAT 7:2__NA,MAT 7:2,NA,NA,NA,,34773,
MAT 7:3__NA,MAT 7:3,NA,NA,NA,,34774,
MAT 7:4__NA,MAT 7:4,NA,NA,NA,,34775,
MAT 7:5__NA,MAT 7:5,NA,NA,NA,,34776,
MAT 7:6__NA,MAT 7:6,NA,NA,NA,,34777,
MAT 7:7__NA,MAT 7:7,NA,NA,NA,,34778,
MAT 7:8__NA,MAT 7:8,NA,NA,NA,,34779,
MAT 7:9__NA,MAT 7:9,NA,NA,NA,,34780,
MAT 7:10__NA,MAT 7:10,NA,NA,NA,,34781,
MAT 7:11__Yhvh_2_1,MAT 7:11,Yhvh_2_1,Yhvh_2,Father in heaven,1,34782,your Father who is in heaven
MAT 7:12__NA,MAT 7:12,NA,NA,NA,,34783,
MAT 7:13__NA,MAT 7:13,NA,NA,NA,,34784,
MAT 7:14__NA,MAT 7:14,NA,NA,NA,,34785,
MAT 7:15__NA,MAT 7:15,NA,NA,NA,,34786,
MAT 7:16__NA,MAT 7:16,NA,NA,NA,,34787,
MAT 7:17__NA,MAT 7:17,NA,NA,NA,,34788,
MAT 7:18__NA,MAT 7:18,NA,NA,NA,,34789,
MAT 7:19__NA,MAT 7:19,NA,NA,NA,,34790,
MAT 7:20__Yhvh_2_2,MAT 7:20,Yhvh_2_2,Yhvh_2,Father,1,34791,My Father
MAT 7:21__Yhvh_1_11,MAT 7:21,Yhvh_1_11,Yhvh_1,Lord,2,34792,
MAT 7:21__Yhvh_2_1,MAT 7:21,Yhvh_2_1,Yhvh_2,Father in heaven,1,34793,My Father who is in heaven
MAT 7:22__Yhvh_1_11,MAT 7:22,Yhvh_1_11,Yhvh_1,Lord,2,34794,
MAT 7:23__NA,MAT 7:23,NA,NA,NA,,34795,
MAT 7:24__NA,MAT 7:24,NA,NA,NA,,34796,
MAT 7:25__NA,MAT 7:25,NA,NA,NA,,34797,
MAT 7:26__NA,MAT 7:26,NA,NA,NA,,34798,
MAT 7:27__NA,MAT 7:27,NA,NA,NA,,34799,
MAT 7:28__Yhvh_1_123,MAT 7:28,Yhvh_1_123,Yhvh_1,Jesus,1,34800,
MAT 7:29__NA,MAT 7:29,NA,NA,NA,,34801,
MAT 8:1__Yhvh_1_123,MAT 8:1,Yhvh_1_123,Yhvh_1,Jesus,1,34802,
MAT 8:2__Yhvh_1_11,MAT 8:2,Yhvh_1_11,Yhvh_1,Lord,1,34803,
MAT 8:3__Yhvh_1_123,MAT 8:3,Yhvh_1_123,Yhvh_1,Jesus,1,34804,
MAT 8:4__Yhvh_1_123,MAT 8:4,Yhvh_1_123,Yhvh_1,Jesus,1,34805,
MAT 8:4__Moses_1_1,MAT 8:4,Moses_1_1,Moses_1,Moses,1,34806,
MAT 8:5__Yhvh_1_123,MAT 8:5,Yhvh_1_123,Yhvh_1,Jesus,1,34807,
MAT 8:6__Yhvh_1_11,MAT 8:6,Yhvh_1_11,Yhvh_1,Lord,1,34808,
MAT 8:7__Yhvh_1_123,MAT 8:7,Yhvh_1_123,Yhvh_1,Jesus,1,34809,
MAT 8:8__Yhvh_1_11,MAT 8:8,Yhvh_1_11,Yhvh_1,Lord,1,34810,
MAT 8:9__NA,MAT 8:9,NA,NA,NA,,34811,
MAT 8:10__Yhvh_1_123,MAT 8:10,Yhvh_1_123,Yhvh_1,Jesus,1,34812,
MAT 8:11__Abram_1_2,MAT 8:11,Abram_1_2,Abram_1,Abraham,1,34813,
MAT 8:11__Isaac_1_1,MAT 8:11,Isaac_1_1,Isaac_1,Isaac,1,34814,
MAT 8:11__Jacob_1_1,MAT 8:11,Jacob_1_1,Jacob_1,Jacob,1,34815,
MAT 8:12__NA,MAT 8:12,NA,NA,NA,,34816,
MAT 8:13__Yhvh_1_123,MAT 8:13,Yhvh_1_123,Yhvh_1,Jesus,1,34817,
MAT 8:14__Yhvh_1_123,MAT 8:14,Yhvh_1_123,Yhvh_1,Jesus,1,34818,
MAT 8:14__Simon_1_2,MAT 8:14,Simon_1_2,Simon_1,Peter,1,34819,
MAT 8:15__NA,MAT 8:15,NA,NA,NA,,34820,
MAT 8:16__NA,MAT 8:16,NA,NA,NA,,34821,
MAT 8:17__Isaiah_1_1,MAT 8:17,Isaiah_1_1,Isaiah_1,Isaiah,1,34822,Isaiah the prophet
MAT 8:18__Yhvh_1_123,MAT 8:18,Yhvh_1_123,Yhvh_1,Jesus,1,34823,
MAT 8:19__Solomon_1_6,MAT 8:19,Solomon_1_6,Solomon_1,Solomon,1,34824,
MAT 8:20__Yhvh_1_123,MAT 8:20,Yhvh_1_123,Yhvh_1,Jesus,1,34825,
MAT 8:20__Yhvh_1_137,MAT 8:20,Yhvh_1_137,Yhvh_1,Teacher,1,34826,
MAT 8:21__Yhvh_1_11,MAT 8:21,Yhvh_1_11,Yhvh_1,Lord,1,34827,
MAT 8:22__Yhvh_1_123,MAT 8:22,Yhvh_1_123,Yhvh_1,Jesus,1,34828,
MAT 8:23__NA,MAT 8:23,NA,NA,NA,,34829,
MAT 8:24__Yhvh_1_123,MAT 8:24,Yhvh_1_123,Yhvh_1,Jesus,1,34830,
MAT 8:25__Yhvh_1_11,MAT 8:25,Yhvh_1_11,Yhvh_1,Lord,1,34831,
MAT 8:26__NA,MAT 8:26,NA,NA,NA,,34832,
MAT 8:27__NA,MAT 8:27,NA,NA,NA,,34833,
MAT 8:28__NA,MAT 8:28,NA,NA,NA,,34834,
MAT 8:29__Yhvh_1_134,MAT 8:29,Yhvh_1_134,Yhvh_1,Son of G-d,1,34835,
MAT 8:30__NA,MAT 8:30,NA,NA,NA,,34836,
MAT 8:31__NA,MAT 8:31,NA,NA,NA,,34837,
MAT 8:32__NA,MAT 8:32,NA,NA,NA,,34838,
MAT 8:33__NA,MAT 8:33,NA,NA,NA,,34839,
MAT 8:34__Yhvh_1_123,MAT 8:34,Yhvh_1_123,Yhvh_1,Jesus,1,34840,
MAT 9:1__Yhvh_1_123,MAT 9:1,Yhvh_1_123,Yhvh_1,Jesus,1,34841,
MAT 9:2__Yhvh_1_123,MAT 9:2,Yhvh_1_123,Yhvh_1,Jesus,1,34842,
MAT 9:3__NA,MAT 9:3,NA,NA,NA,,34843,
MAT 9:4__Yhvh_1_123,MAT 9:4,Yhvh_1_123,Yhvh_1,Jesus,1,34844,
MAT 9:5__NA,MAT 9:5,NA,NA,NA,,34845,
MAT 9:6__Yhvh_1_137,MAT 9:6,Yhvh_1_137,Yhvh_1,Teacher,1,34846,
MAT 9:7__NA,MAT 9:7,NA,NA,NA,,34847,
MAT 9:8__Yhvh_1_1,MAT 9:8,Yhvh_1_1,Yhvh_1,G-d,1,34848,
MAT 9:9__Yhvh_1_123,MAT 9:9,Yhvh_1_123,Yhvh_1,Jesus,1,34849,
MAT 9:9__Yhvh_1_138,MAT 9:9,Yhvh_1_138,Yhvh_1,Son of Man,1,34850,
MAT 9:10__Yhvh_1_123,MAT 9:10,Yhvh_1_123,Yhvh_1,Jesus,2,34851,
MAT 9:11__Solomon_1_6,MAT 9:11,Solomon_1_6,Solomon_1,Solomon,1,34852,your Teacher
MAT 9:12__Yhvh_1_123,MAT 9:12,Yhvh_1_123,Yhvh_1,Jesus,1,34853,
MAT 9:13__NA,MAT 9:13,NA,NA,NA,,34854,
MAT 9:14__John_1_1,MAT 9:14,John_1_1,John_1,John,1,34855,disciples of John
MAT 9:15__NA,MAT 9:15,NA,NA,NA,,34856,
MAT 9:16__NA,MAT 9:16,NA,NA,NA,,34857,
MAT 9:17__NA,MAT 9:17,NA,NA,NA,,34858,
MAT 9:18__NA,MAT 9:18,NA,NA,NA,,34859,
MAT 9:19__Yhvh_1_123,MAT 9:19,Yhvh_1_123,Yhvh_1,Jesus,1,34860,
MAT 9:20__NA,MAT 9:20,NA,NA,NA,,34861,
MAT 9:21__NA,MAT 9:21,NA,NA,NA,,34862,
MAT 9:22__Yhvh_1_123,MAT 9:22,Yhvh_1_123,Yhvh_1,Jesus,1,34863,
MAT 9:23__Yhvh_1_123,MAT 9:23,Yhvh_1_123,Yhvh_1,Jesus,1,34864,
MAT 9:24__NA,MAT 9:24,NA,NA,NA,,34865,
MAT 9:25__NA,MAT 9:25,NA,NA,NA,,34866,
MAT 9:26__NA,MAT 9:26,NA,NA,NA,,34867,
MAT 9:27__Yhvh_1_123,MAT 9:27,Yhvh_1_123,Yhvh_1,Jesus,1,34868,
MAT 9:27__Yhvh_1_125,MAT 9:27,Yhvh_1_125,Yhvh_1,Son of David,1,34869,
MAT 9:28__Yhvh_1_123,MAT 9:28,Yhvh_1_123,Yhvh_1,Jesus,1,34870,
MAT 9:28__Yhvh_1_11,MAT 9:28,Yhvh_1_11,Yhvh_1,Lord,1,34871,
MAT 9:29__NA,MAT 9:29,NA,NA,NA,,34872,
MAT 9:30__Yhvh_1_123,MAT 9:30,Yhvh_1_123,Yhvh_1,Jesus,1,34873,
MAT 9:31__NA,MAT 9:31,NA,NA,NA,,34874,
MAT 9:32__NA,MAT 9:32,NA,NA,NA,,34875,
MAT 9:33__NA,MAT 9:33,NA,NA,NA,,34876,
MAT 9:34__NA,MAT 9:34,NA,NA,NA,,34877,
MAT 9:35__Yhvh_1_123,MAT 9:35,Yhvh_1_123,Yhvh_1,Jesus,1,34878,
MAT 9:36__NA,MAT 9:36,NA,NA,NA,,34879,
MAT 9:37__NA,MAT 9:37,NA,NA,NA,,34880,
MAT 9:38__Matthew_1_1,MAT 9:38,Matthew_1_1,Matthew_1,Matthew,1,34881,
MAT 10:1__Yhvh_1_123,MAT 10:1,Yhvh_1_123,Yhvh_1,Jesus,1,34882,
MAT 10:2__Simon_1_1,MAT 10:2,Simon_1_1,Simon_1,Simon,1,34883,
MAT 10:2__Simon_1_2,MAT 10:2,Simon_1_2,Simon_1,Peter,1,34884,
MAT 10:2__Andrew_1_1,MAT 10:2,Andrew_1_1,Andrew_1,Andrew,1,34885,
MAT 10:2__James_1_1,MAT 10:2,James_1_1,James_1,James,1,34886,
MAT 10:2__Zebedee_1_1,MAT 10:2,Zebedee_1_1,Zebedee_1,Zebedee,1,34887,
MAT 10:2__John_2_1,MAT 10:2,John_2_1,John_2,John,1,34888,
MAT 10:3__Philip_1_1,MAT 10:3,Philip_1_1,Philip_1,Philip,1,34889,
MAT 10:3__Bartholomew_1_1,MAT 10:3,Bartholomew_1_1,Bartholomew_1,Bartholomew,1,34890,
MAT 10:3__Thomas_1_1,MAT 10:3,Thomas_1_1,Thomas_1,Thomas,1,34891,
MAT 10:3__Matthew_1_1,MAT 10:3,Matthew_1_1,Matthew_1,Matthew,1,34892,
MAT 10:3__James_2_1,MAT 10:3,James_2_1,James_2,James,1,34893,
MAT 10:3__Alphaeus_1_1,MAT 10:3,Alphaeus_1_1,Alphaeus_1,Alphaeus,1,34894,
MAT 10:3__Thaddaeus_1_1,MAT 10:3,Thaddaeus_1_1,Thaddaeus_1,Thaddaeus,1,34895,
MAT 10:4__Simon_2_,MAT 10:4,Simon_2_,Simon_2,Simon the zealot,1,34896,
MAT 10:4__Judas_1_,MAT 10:4,Judas_1_,Judas_1,Judas Iscariot,1,34897,
MAT 10:5__Yhvh_1_123,MAT 10:5,Yhvh_1_123,Yhvh_1,Jesus,1,34898,
MAT 10:6__Jacob_1_2,MAT 10:6,Jacob_1_2,Jacob_1,Israel,1,34899,the house of Israel (the nation)
MAT 10:7__NA,MAT 10:7,NA,NA,NA,,34900,
MAT 10:8__NA,MAT 10:8,NA,NA,NA,,34901,
MAT 10:9__NA,MAT 10:9,NA,NA,NA,,34902,
MAT 10:10__NA,MAT 10:10,NA,NA,NA,,34903,
MAT 10:11__NA,MAT 10:11,NA,NA,NA,,34904,
MAT 10:12__NA,MAT 10:12,NA,NA,NA,,34905,
MAT 10:13__NA,MAT 10:13,NA,NA,NA,,34906,
MAT 10:14__NA,MAT 10:14,NA,NA,NA,,34907,
MAT 10:15__NA,MAT 10:15,NA,NA,NA,,34908,
MAT 10:16__NA,MAT 10:16,NA,NA,NA,,34909,
MAT 10:17__NA,MAT 10:17,NA,NA,NA,,34910,
MAT 10:18__NA,MAT 10:18,NA,NA,NA,,34911,
MAT 10:19__NA,MAT 10:19,NA,NA,NA,,34912,
MAT 10:20__Yhvh_2_2,MAT 10:20,Yhvh_2_2,Yhvh_2,Father,1,34913,the spirit of your Father
MAT 10:21__NA,MAT 10:21,NA,NA,NA,,34914,
MAT 10:22__NA,MAT 10:22,NA,NA,NA,,34915,
MAT 10:23__Yhvh_1_138,MAT 10:23,Yhvh_1_138,Yhvh_1,Son of Man,1,34916,
MAT 10:24__NA,MAT 10:24,NA,NA,NA,,34917,
MAT 10:25__NA,MAT 10:25,NA,NA,NA,,34918,"Beelzebul here is an epithet used by His enemies, not a true name for the Messiah"
MAT 10:26__NA,MAT 10:26,NA,NA,NA,,34919,
MAT 10:27__NA,MAT 10:27,NA,NA,NA,,34920,
MAT 10:28__NA,MAT 10:28,NA,NA,NA,,34921,
MAT 10:29__Yhvh_2_2,MAT 10:29,Yhvh_2_2,Yhvh_2,Father,1,34922,
MAT 10:30__NA,MAT 10:30,NA,NA,NA,,34923,
MAT 10:31__NA,MAT 10:31,NA,NA,NA,,34924,
MAT 10:32__Yhvh_2_1,MAT 10:32,Yhvh_2_1,Yhvh_2,Father in heaven,1,34925,my Father who is in heaven
MAT 10:33__Yhvh_2_1,MAT 10:33,Yhvh_2_1,Yhvh_2,Father in heaven,1,34926,my Father who is in heaven
MAT 10:34__NA,MAT 10:34,NA,NA,NA,,34927,
MAT 10:35__NA,MAT 10:35,NA,NA,NA,,34928,
MAT 10:36__NA,MAT 10:36,NA,NA,NA,,34929,
MAT 10:37__NA,MAT 10:37,NA,NA,NA,,34930,
MAT 10:38__NA,MAT 10:38,NA,NA,NA,,34931,
MAT 10:39__NA,MAT 10:39,NA,NA,NA,,34932,
MAT 10:40__NA,MAT 10:40,NA,NA,NA,,34933,
MAT 10:41__NA,MAT 10:41,NA,NA,NA,,34934,
MAT 10:42__NA,MAT 10:42,NA,NA,NA,,34935,
MAT 11:1__Yhvh_1_123,MAT 11:1,Yhvh_1_123,Yhvh_1,Jesus,1,34936,
MAT 11:2__John_1_1,MAT 11:2,John_1_1,John_1,John,1,34937,
MAT 11:2__Yhvh_1_140,MAT 11:2,Yhvh_1_140,Yhvh_1,Christ,1,34938,
MAT 11:3__Yhvh_1_141,MAT 11:3,Yhvh_1_141,Yhvh_1,Expected One,1,34939,
MAT 11:4__Yhvh_1_123,MAT 11:4,Yhvh_1_123,Yhvh_1,Jesus,1,34940,
MAT 11:4__John_1_1,MAT 11:4,John_1_1,John_1,John,1,34941,
MAT 11:5__NA,MAT 11:5,NA,NA,NA,,34942,
MAT 11:6__NA,MAT 11:6,NA,NA,NA,,34943,
MAT 11:7__Yhvh_1_123,MAT 11:7,Yhvh_1_123,Yhvh_1,Jesus,1,34944,
MAT 11:7__John_1_1,MAT 11:7,John_1_1,John_1,John,1,34945,
MAT 11:8__NA,MAT 11:8,NA,NA,NA,,34946,
MAT 11:9__NA,MAT 11:9,NA,NA,NA,,34947,
MAT 11:10__John_1_3,MAT 11:10,John_1_3,John_1,My Messenger,1,34948,
MAT 11:11__John_1_2,MAT 11:11,John_1_2,John_1,John the Baptist,1,34949,
MAT 11:12__John_1_2,MAT 11:12,John_1_2,John_1,John the Baptist,1,34950,
MAT 11:13__John_1_1,MAT 11:13,John_1_1,John_1,John,1,34951,
MAT 11:14__John_1_1,MAT 11:14,John_1_1,John_1,John,1,34952,
MAT 11:14__Elijah_1_1,MAT 11:14,Elijah_1_1,Elijah_1,Elijah,1,34953,
MAT 11:15__NA,MAT 11:15,NA,NA,NA,,34954,
MAT 11:16__NA,MAT 11:16,NA,NA,NA,,34955,
MAT 11:17__NA,MAT 11:17,NA,NA,NA,,34956,
MAT 11:18__John_1_1,MAT 11:18,John_1_1,John_1,John,1,34957,
MAT 11:19__Yhvh_1_138,MAT 11:19,Yhvh_1_138,Yhvh_1,Son of Man,1,34958,
MAT 11:20__NA,MAT 11:20,NA,NA,NA,,34959,
MAT 11:21__NA,MAT 11:21,NA,NA,NA,,34960,
MAT 11:22__NA,MAT 11:22,NA,NA,NA,,34961,
MAT 11:23__NA,MAT 11:23,NA,NA,NA,,34962,
MAT 11:24__NA,MAT 11:24,NA,NA,NA,,34963,
MAT 11:25__Yhvh_1_123,MAT 11:25,Yhvh_1_123,Yhvh_1,Jesus,1,34964,
MAT 11:25__Yhvh_2_2,MAT 11:25,Yhvh_2_2,Yhvh_2,Father,1,34965,
MAT 11:25__Yhvh_2_3,MAT 11:25,Yhvh_2_3,Yhvh_2,Lord of heaven and earth,1,34966,
MAT 11:26__Yhvh_2_2,MAT 11:26,Yhvh_2_2,Yhvh_2,Father,1,34967,
MAT 11:27__Yhvh_2_2,MAT 11:27,Yhvh_2_2,Yhvh_2,Father,3,34968,My Father
MAT 11:27__Yhvh_1_131,MAT 11:27,Yhvh_1_131,Yhvh_1,Son,3,34969,
MAT 11:28__NA,MAT 11:28,NA,NA,NA,,34970,
MAT 11:29__NA,MAT 11:29,NA,NA,NA,,34971,
MAT 11:30__NA,MAT 11:30,NA,NA,NA,,34972,
MAT 12:1__Yhvh_1_123,MAT 12:1,Yhvh_1_123,Yhvh_1,Jesus,1,34973,
MAT 12:2__NA,MAT 12:2,NA,NA,NA,,34974,
MAT 12:3__David_1_1,MAT 12:3,David_1_1,David_1,David,1,34975,
MAT 12:4__Yhvh_1_1,MAT 12:4,Yhvh_1_1,Yhvh_1,G-d,1,34976,house of G-d
MAT 12:5__NA,MAT 12:5,NA,NA,NA,,34977,
MAT 12:6__NA,MAT 12:6,NA,NA,NA,,34978,
MAT 12:7__NA,MAT 12:7,NA,NA,NA,,34979,
MAT 12:8__Yhvh_1_138,MAT 12:8,Yhvh_1_138,Yhvh_1,Son of Man,1,34980,
MAT 12:8__Yhvh_1_142,MAT 12:8,Yhvh_1_142,Yhvh_1,Lord of the Sabbath,1,34981,
MAT 12:9__NA,MAT 12:9,NA,NA,NA,,34982,
MAT 12:10__NA,MAT 12:10,NA,NA,NA,,34983,
MAT 12:11__NA,MAT 12:11,NA,NA,NA,,34984,
MAT 12:12__NA,MAT 12:12,NA,NA,NA,,34985,
MAT 12:13__NA,MAT 12:13,NA,NA,NA,,34986,
MAT 12:14__NA,MAT 12:14,NA,NA,NA,,34987,
MAT 12:15__Yhvh_1_123,MAT 12:15,Yhvh_1_123,Yhvh_1,Jesus,1,34988,
MAT 12:16__NA,MAT 12:16,NA,NA,NA,,34989,
MAT 12:17__Isaiah_1_1,MAT 12:17,Isaiah_1_1,Isaiah_1,Isaiah,1,34990,
MAT 12:18__Yhvh_1_88,MAT 12:18,Yhvh_1_88,Yhvh_1,My Servant,1,34991,[Israel (collectively) or Messiah (individually)]
MAT 12:19__NA,MAT 12:19,NA,NA,NA,,34992,
MAT 12:20__NA,MAT 12:20,NA,NA,NA,,34993,
MAT 12:21__NA,MAT 12:21,NA,NA,NA,,34994,
MAT 12:22__Yhvh_1_123,MAT 12:22,Yhvh_1_123,Yhvh_1,Jesus,1,34995,
MAT 12:23__Yhvh_1_125,MAT 12:23,Yhvh_1_125,Yhvh_1,Son of David,1,34996,
MAT 12:24__Satan_1_5,MAT 12:24,Satan_1_5,Satan_1,Beelzebul,1,34997,
MAT 12:25__Yhvh_1_123,MAT 12:25,Yhvh_1_123,Yhvh_1,Jesus,1,34998,
MAT 12:26__Satan_1_4,MAT 12:26,Satan_1_4,Satan_1,Satan,2,34999,
MAT 12:27__Satan_1_5,MAT 12:27,Satan_1_5,Satan_1,Beelzebul,1,35000,
MAT 12:28__Yhvh_1_1,MAT 12:28,Yhvh_1_1,Yhvh_1,G-d,2,35001,
MAT 12:29__NA,MAT 12:29,NA,NA,NA,,35002,
MAT 12:30__NA,MAT 12:30,NA,NA,NA,,35003,
MAT 12:31__NA,MAT 12:31,NA,NA,NA,,35004,
MAT 12:32__Yhvh_1_138,MAT 12:32,Yhvh_1_138,Yhvh_1,Son of Man,1,35005,
MAT 12:33__NA,MAT 12:33,NA,NA,NA,,35006,
MAT 12:34__NA,MAT 12:34,NA,NA,NA,,35007,
MAT 12:35__NA,MAT 12:35,NA,NA,NA,,35008,
MAT 12:36__NA,MAT 12:36,NA,NA,NA,,35009,
MAT 12:37__NA,MAT 12:37,NA,NA,NA,,35010,
MAT 12:38__Yhvh_1_137,MAT 12:38,Yhvh_1_137,Yhvh_1,Teacher,1,35011,
MAT 12:39__Jonah_1_1,MAT 12:39,Jonah_1_1,Jonah_1,Jonah,1,35012,
MAT 12:40__Jonah_1_1,MAT 12:40,Jonah_1_1,Jonah_1,Jonah,1,35013,
MAT 12:40__Yhvh_1_138,MAT 12:40,Yhvh_1_138,Yhvh_1,Son of Man,1,35014,
MAT 12:41__Jonah_1_1,MAT 12:41,Jonah_1_1,Jonah_1,Jonah,2,35015,
MAT 12:42__Queen of Sheba_1_2,MAT 12:42,Queen of Sheba_1_2,Queen of Sheba_1,Queen of the South,1,35016,
MAT 12:42__Solomon_1_1,MAT 12:42,Solomon_1_1,Solomon_1,Solomon,2,35017,
MAT 12:43__NA,MAT 12:43,NA,NA,NA,,35018,
MAT 12:44__NA,MAT 12:44,NA,NA,NA,,35019,
MAT 12:45__NA,MAT 12:45,NA,NA,NA,,35020,
MAT 12:46__NA,MAT 12:46,NA,NA,NA,,35021,
MAT 12:47__NA,MAT 12:47,NA,NA,NA,,35022,
MAT 12:48__Yhvh_1_123,MAT 12:48,Yhvh_1_123,Yhvh_1,Jesus,1,35023,
MAT 12:49__NA,MAT 12:49,NA,NA,NA,,35024,
MAT 12:50__Yhvh_2_1,MAT 12:50,Yhvh_2_1,Yhvh_2,Father in heaven,1,35025,my Father who is in heaven
MAT 13:1__Yhvh_1_123,MAT 13:1,Yhvh_1_123,Yhvh_1,Jesus,1,35026,
MAT 13:2__NA,MAT 13:2,NA,NA,NA,,35027,
MAT 13:3__NA,MAT 13:3,NA,NA,NA,,35028,
MAT 13:4__NA,MAT 13:4,NA,NA,NA,,35029,
MAT 13:5__NA,MAT 13:5,NA,NA,NA,,35030,
MAT 13:6__NA,MAT 13:6,NA,NA,NA,,35031,
MAT 13:7__NA,MAT 13:7,NA,NA,NA,,35032,
MAT 13:8__NA,MAT 13:8,NA,NA,NA,,35033,
MAT 13:9__NA,MAT 13:9,NA,NA,NA,,35034,
MAT 13:10__NA,MAT 13:10,NA,NA,NA,,35035,
MAT 13:11__Yhvh_1_123,MAT 13:11,Yhvh_1_123,Yhvh_1,Jesus,1,35036,
MAT 13:12__NA,MAT 13:12,NA,NA,NA,,35037,
MAT 13:13__NA,MAT 13:13,NA,NA,NA,,35038,
MAT 13:14__Isaiah_1_1,MAT 13:14,Isaiah_1_1,Isaiah_1,Isaiah,1,35039,
MAT 13:15__NA,MAT 13:15,NA,NA,NA,,35040,
MAT 13:16__NA,MAT 13:16,NA,NA,NA,,35041,
MAT 13:17__NA,MAT 13:17,NA,NA,NA,,35042,
MAT 13:18__NA,MAT 13:18,NA,NA,NA,,35043,
MAT 13:19__NA,MAT 13:19,NA,NA,NA,,35044,
MAT 13:20__NA,MAT 13:20,NA,NA,NA,,35045,
MAT 13:21__NA,MAT 13:21,NA,NA,NA,,35046,
MAT 13:22__NA,MAT 13:22,NA,NA,NA,,35047,
MAT 13:23__NA,MAT 13:23,NA,NA,NA,,35048,
MAT 13:24__Yhvh_1_123,MAT 13:24,Yhvh_1_123,Yhvh_1,Jesus,1,35049,
MAT 13:25__NA,MAT 13:25,NA,NA,NA,,35050,
MAT 13:26__NA,MAT 13:26,NA,NA,NA,,35051,
MAT 13:27__NA,MAT 13:27,NA,NA,NA,,35052,
MAT 13:28__NA,MAT 13:28,NA,NA,NA,,35053,
MAT 13:29__NA,MAT 13:29,NA,NA,NA,,35054,
MAT 13:30__NA,MAT 13:30,NA,NA,NA,,35055,
MAT 13:31__NA,MAT 13:31,NA,NA,NA,,35056,
MAT 13:32__NA,MAT 13:32,NA,NA,NA,,35057,
MAT 13:33__NA,MAT 13:33,NA,NA,NA,,35058,
MAT 13:34__Yhvh_1_123,MAT 13:34,Yhvh_1_123,Yhvh_1,Jesus,1,35059,
MAT 13:35__NA,MAT 13:35,NA,NA,NA,,35060,
MAT 13:36__NA,MAT 13:36,NA,NA,NA,,35061,
MAT 13:37__Yhvh_1_138,MAT 13:37,Yhvh_1_138,Yhvh_1,Son of Man,1,35062,
MAT 13:38__NA,MAT 13:38,NA,NA,NA,,35063,
MAT 13:39__Satan_1_2,MAT 13:39,Satan_1_2,Satan_1,the devil,1,35064,
MAT 13:40__NA,MAT 13:40,NA,NA,NA,,35065,
MAT 13:41__Yhvh_1_138,MAT 13:41,Yhvh_1_138,Yhvh_1,Son of Man,1,35066,
MAT 13:42__NA,MAT 13:42,NA,NA,NA,,35067,
MAT 13:43__Yhvh_1_36,MAT 13:43,Yhvh_1_36,Yhvh_1,Father,1,35068,
MAT 13:44__NA,MAT 13:44,NA,NA,NA,,35069,
MAT 13:45__NA,MAT 13:45,NA,NA,NA,,35070,
MAT 13:46__NA,MAT 13:46,NA,NA,NA,,35071,
MAT 13:47__NA,MAT 13:47,NA,NA,NA,,35072,
MAT 13:48__NA,MAT 13:48,NA,NA,NA,,35073,
MAT 13:49__NA,MAT 13:49,NA,NA,NA,,35074,
MAT 13:50__NA,MAT 13:50,NA,NA,NA,,35075,
MAT 13:51__NA,MAT 13:51,NA,NA,NA,,35076,
MAT 13:52__NA,MAT 13:52,NA,NA,NA,,35077,"""Jesus"" is present in the NASB but not in the Nestle-Aland, 27th Edition Greek"
MAT 13:53__Yhvh_1_123,MAT 13:53,Yhvh_1_123,Yhvh_1,Jesus,1,35078,
MAT 13:54__NA,MAT 13:54,NA,NA,NA,,35079,
MAT 13:55__Mary_1_1,MAT 13:55,Mary_1_1,Mary_1,Mary,1,35080,
MAT 13:55__James_3_1,MAT 13:55,James_3_1,James_3,James,1,35081,
MAT 13:55__Joseph_7_1,MAT 13:55,Joseph_7_1,Joseph_7,Joseph,1,35082,
MAT 13:55__Simon_3_1,MAT 13:55,Simon_3_1,Simon_3,Simon,1,35083,
MAT 13:55__Judas_2_1,MAT 13:55,Judas_2_1,Judas_2,Judas,1,35084,
MAT 13:56__NA,MAT 13:56,NA,NA,NA,,35085,Jesus' unnamed sisters are mentioned here
MAT 13:57__Yhvh_1_123,MAT 13:57,Yhvh_1_123,Yhvh_1,Jesus,1,35086,
MAT 13:58__NA,MAT 13:58,NA,NA,NA,,35087,
MAT 14:1__Herod_2_1,MAT 14:1,Herod_2_1,Herod_2,Herod,1,35088,
MAT 14:1__Yhvh_1_123,MAT 14:1,Yhvh_1_123,Yhvh_1,Jesus,1,35089,
MAT 14:2__John_1_2,MAT 14:2,John_1_2,John_1,John the Baptist,1,35090,
MAT 14:3__Herod_2_1,MAT 14:3,Herod_2_1,Herod_2,Herod,1,35091,
MAT 14:3__John_1_1,MAT 14:3,John_1_1,John_1,John,1,35092,
MAT 14:3__Herodias_1_1,MAT 14:3,Herodias_1_1,Herodias_1,Herodias,1,35093,
MAT 14:3__Philip_2_1,MAT 14:3,Philip_2_1,Philip_2,Philip,1,35094,
MAT 14:4__John_1_1,MAT 14:4,John_1_1,John_1,John,1,35095,
MAT 14:5__Herod_2_1,MAT 14:5,Herod_2_1,Herod_2,Herod,1,35096,
MAT 14:5__John_1_1,MAT 14:5,John_1_1,John_1,John,1,35097,
MAT 14:6__Herod_2_1,MAT 14:6,Herod_2_1,Herod_2,Herod,2,35098,
MAT 14:6__Herodias_1_1,MAT 14:6,Herodias_1_1,Herodias_1,Herodias,1,35099,daughter of Herodias
MAT 14:7__NA,MAT 14:7,NA,NA,NA,,35100,
MAT 14:8__John_1_2,MAT 14:8,John_1_2,John_1,John the Baptist,1,35101,
MAT 14:9__NA,MAT 14:9,NA,NA,NA,,35102,
MAT 14:10__John_1_1,MAT 14:10,John_1_1,John_1,John,1,35103,
MAT 14:11__NA,MAT 14:11,NA,NA,NA,,35104,
MAT 14:12__Yhvh_1_123,MAT 14:12,Yhvh_1_123,Yhvh_1,Jesus,1,35105,
MAT 14:13__Yhvh_1_123,MAT 14:13,Yhvh_1_123,Yhvh_1,Jesus,1,35106,
MAT 14:14__NA,MAT 14:14,NA,NA,NA,,35107,
MAT 14:15__NA,MAT 14:15,NA,NA,NA,,35108,
MAT 14:16__Yhvh_1_123,MAT 14:16,Yhvh_1_123,Yhvh_1,Jesus,1,35109,
MAT 14:17__NA,MAT 14:17,NA,NA,NA,,35110,
MAT 14:18__NA,MAT 14:18,NA,NA,NA,,35111,
MAT 14:19__NA,MAT 14:19,NA,NA,NA,,35112,
MAT 14:20__NA,MAT 14:20,NA,NA,NA,,35113,
MAT 14:21__NA,MAT 14:21,NA,NA,NA,,35114,
MAT 14:22__NA,MAT 14:22,NA,NA,NA,,35115,
MAT 14:23__NA,MAT 14:23,NA,NA,NA,,35116,
MAT 14:24__NA,MAT 14:24,NA,NA,NA,,35117,
MAT 14:25__NA,MAT 14:25,NA,NA,NA,,35118,
MAT 14:26__NA,MAT 14:26,NA,NA,NA,,35119,
MAT 14:27__Yhvh_1_123,MAT 14:27,Yhvh_1_123,Yhvh_1,Jesus,1,35120,
MAT 14:28__Simon_1_2,MAT 14:28,Simon_1_2,Simon_1,Peter,1,35121,
MAT 14:28__Yhvh_1_11,MAT 14:28,Yhvh_1_11,Yhvh_1,Lord,1,35122,
MAT 14:29__Simon_1_2,MAT 14:29,Simon_1_2,Simon_1,Peter,1,35123,
MAT 14:29__Yhvh_1_123,MAT 14:29,Yhvh_1_123,Yhvh_1,Jesus,1,35124,
MAT 14:30__Yhvh_1_11,MAT 14:30,Yhvh_1_11,Yhvh_1,Lord,1,35125,
MAT 14:31__Yhvh_1_123,MAT 14:31,Yhvh_1_123,Yhvh_1,Jesus,1,35126,
MAT 14:32__NA,MAT 14:32,NA,NA,NA,,35127,
MAT 14:33__Yhvh_1_134,MAT 14:33,Yhvh_1_134,Yhvh_1,Son of G-d,1,35128,
MAT 14:34__NA,MAT 14:34,NA,NA,NA,,35129,
MAT 14:35__NA,MAT 14:35,NA,NA,NA,,35130,
MAT 14:36__NA,MAT 14:36,NA,NA,NA,,35131,
MAT 15:1__Yhvh_1_123,MAT 15:1,Yhvh_1_123,Yhvh_1,Jesus,1,35132,
MAT 15:2__NA,MAT 15:2,NA,NA,NA,,35133,
MAT 15:3__Yhvh_1_1,MAT 15:3,Yhvh_1_1,Yhvh_1,G-d,1,35134,commandment of G-d
MAT 15:4__Yhvh_1_1,MAT 15:4,Yhvh_1_1,Yhvh_1,G-d,1,35135,
MAT 15:5__NA,MAT 15:5,NA,NA,NA,,35136,"""G-d"" is present in the NASB but not in the Nestle-Aland, 27th Edition Greek"
MAT 15:6__Yhvh_1_1,MAT 15:6,Yhvh_1_1,Yhvh_1,G-d,1,35137,word of G-d
MAT 15:7__Isaiah_1_1,MAT 15:7,Isaiah_1_1,Isaiah_1,Isaiah,1,35138,
MAT 15:8__NA,MAT 15:8,NA,NA,NA,,35139,
MAT 15:9__NA,MAT 15:9,NA,NA,NA,,35140,
MAT 15:10__Yhvh_1_123,MAT 15:10,Yhvh_1_123,Yhvh_1,Jesus,1,35141,
MAT 15:11__NA,MAT 15:11,NA,NA,NA,,35142,
MAT 15:12__NA,MAT 15:12,NA,NA,NA,,35143,
MAT 15:13__Yhvh_2_1,MAT 15:13,Yhvh_2_1,Yhvh_2,Father in heaven,1,35144,heavenly Father
MAT 15:14__NA,MAT 15:14,NA,NA,NA,,35145,
MAT 15:15__Simon_1_2,MAT 15:15,Simon_1_2,Simon_1,Peter,1,35146,
MAT 15:16__Yhvh_1_123,MAT 15:16,Yhvh_1_123,Yhvh_1,Jesus,1,35147,
MAT 15:17__NA,MAT 15:17,NA,NA,NA,,35148,
MAT 15:18__NA,MAT 15:18,NA,NA,NA,,35149,
MAT 15:19__NA,MAT 15:19,NA,NA,NA,,35150,
MAT 15:20__NA,MAT 15:20,NA,NA,NA,,35151,
MAT 15:21__Yhvh_1_123,MAT 15:21,Yhvh_1_123,Yhvh_1,Jesus,1,35152,
MAT 15:22__Yhvh_1_11,MAT 15:22,Yhvh_1_11,Yhvh_1,Lord,1,35153,
MAT 15:22__Yhvh_1_125,MAT 15:22,Yhvh_1_125,Yhvh_1,Son of David,1,35154,
MAT 15:23__NA,MAT 15:23,NA,NA,NA,,35155,
MAT 15:24__Jacob_1_2,MAT 15:24,Jacob_1_2,Jacob_1,Israel,1,35156,the house of Israel (the nation)
MAT 15:25__Yhvh_1_11,MAT 15:25,Yhvh_1_11,Yhvh_1,Lord,1,35157,
MAT 15:26__NA,MAT 15:26,NA,NA,NA,,35158,
MAT 15:27__Yhvh_1_11,MAT 15:27,Yhvh_1_11,Yhvh_1,Lord,1,35159,
MAT 15:28__Yhvh_1_123,MAT 15:28,Yhvh_1_123,Yhvh_1,Jesus,1,35160,
MAT 15:29__Yhvh_1_123,MAT 15:29,Yhvh_1_123,Yhvh_1,Jesus,1,35161,
MAT 15:30__NA,MAT 15:30,NA,NA,NA,,35162,
MAT 15:31__Yhvh_1_29,MAT 15:31,Yhvh_1_29,Yhvh_1,G-d of Israel,1,35163,
MAT 15:32__Yhvh_1_123,MAT 15:32,Yhvh_1_123,Yhvh_1,Jesus,1,35164,
MAT 15:33__NA,MAT 15:33,NA,NA,NA,,35165,
MAT 15:34__Yhvh_1_123,MAT 15:34,Yhvh_1_123,Yhvh_1,Jesus,1,35166,
MAT 15:35__NA,MAT 15:35,NA,NA,NA,,35167,
MAT 15:36__NA,MAT 15:36,NA,NA,NA,,35168,
MAT 15:37__NA,MAT 15:37,NA,NA,NA,,35169,
MAT 15:38__NA,MAT 15:38,NA,NA,NA,,35170,
MAT 15:39__Yhvh_1_123,MAT 15:39,Yhvh_1_123,Yhvh_1,Jesus,1,35171,
MAT 16:1__Yhvh_1_123,MAT 16:1,Yhvh_1_123,Yhvh_1,Jesus,1,35172,
MAT 16:2__NA,MAT 16:2,NA,NA,NA,,35173,
MAT 16:3__NA,MAT 16:3,NA,NA,NA,,35174,
MAT 16:4__Jonah_1_1,MAT 16:4,Jonah_1_1,Jonah_1,Jonah,1,35175,the sign of Jonah
MAT 16:5__NA,MAT 16:5,NA,NA,NA,,35176,
MAT 16:6__Yhvh_1_123,MAT 16:6,Yhvh_1_123,Yhvh_1,Jesus,1,35177,
MAT 16:7__NA,MAT 16:7,NA,NA,NA,,35178,
MAT 16:8__Yhvh_1_123,MAT 16:8,Yhvh_1_123,Yhvh_1,Jesus,1,35179,
MAT 16:9__NA,MAT 16:9,NA,NA,NA,,35180,
MAT 16:10__NA,MAT 16:10,NA,NA,NA,,35181,
MAT 16:11__NA,MAT 16:11,NA,NA,NA,,35182,
MAT 16:12__NA,MAT 16:12,NA,NA,NA,,35183,
MAT 16:13__Yhvh_1_123,MAT 16:13,Yhvh_1_123,Yhvh_1,Jesus,1,35184,
MAT 16:13__Yhvh_1_138,MAT 16:13,Yhvh_1_138,Yhvh_1,Son of Man,1,35185,
MAT 16:14__John_1_2,MAT 16:14,John_1_2,John_1,John the Baptist,1,35186,
MAT 16:14__Elijah_1_1,MAT 16:14,Elijah_1_1,Elijah_1,Elijah,1,35187,
MAT 16:14__Jeremiah_6_1,MAT 16:14,Jeremiah_6_1,Jeremiah_6,Jeremiah,1,35188,Jeremiah the prophet
MAT 16:15__NA,MAT 16:15,NA,NA,NA,,35189,
MAT 16:16__Simon_1_3,MAT 16:16,Simon_1_3,Simon_1,Simon Peter,1,35190,
MAT 16:16__Yhvh_1_140,MAT 16:16,Yhvh_1_140,Yhvh_1,Christ,1,35191,
MAT 16:16__Yhvh_1_143,MAT 16:16,Yhvh_1_143,Yhvh_1,Son of the Living G-d,1,35192,
MAT 16:17__Yhvh_1_123,MAT 16:17,Yhvh_1_123,Yhvh_1,Jesus,1,35193,
MAT 16:17__Simon_1_4,MAT 16:17,Simon_1_4,Simon_1,Simon Barjona,1,35194,
MAT 16:17__Yhvh_2_1,MAT 16:17,Yhvh_2_1,Yhvh_2,Father in heaven,1,35195,My Father who is in heaven
MAT 16:18__Simon_1_2,MAT 16:18,Simon_1_2,Simon_1,Peter,1,35196,
MAT 16:19__NA,MAT 16:19,NA,NA,NA,,35197,
MAT 16:20__Yhvh_1_140,MAT 16:20,Yhvh_1_140,Yhvh_1,Christ,1,35198,
MAT 16:21__Yhvh_1_123,MAT 16:21,Yhvh_1_123,Yhvh_1,Jesus,1,35199,
MAT 16:22__Yhvh_1_1,MAT 16:22,Yhvh_1_1,Yhvh_1,G-d,1,35200,
MAT 16:22__Yhvh_1_11,MAT 16:22,Yhvh_1_11,Yhvh_1,Lord,1,35201,
MAT 16:23__Simon_1_2,MAT 16:23,Simon_1_2,Simon_1,Peter,1,35202,
MAT 16:23__Satan_1_4,MAT 16:23,Satan_1_4,Satan_1,Satan,1,35203,
MAT 16:23__Yhvh_1_1,MAT 16:23,Yhvh_1_1,Yhvh_1,G-d,1,35204,
MAT 16:24__Yhvh_1_123,MAT 16:24,Yhvh_1_123,Yhvh_1,Jesus,1,35205,
MAT 16:25__NA,MAT 16:25,NA,NA,NA,,35206,
MAT 16:26__NA,MAT 16:26,NA,NA,NA,,35207,
MAT 16:27__Yhvh_1_138,MAT 16:27,Yhvh_1_138,Yhvh_1,Son of Man,1,35208,
MAT 16:27__Yhvh_2_2,MAT 16:27,Yhvh_2_2,Yhvh_2,Father,1,35209,
MAT 16:28__Yhvh_1_138,MAT 16:28,Yhvh_1_138,Yhvh_1,Son of Man,1,35210,
MAT 17:1__Yhvh_1_123,MAT 17:1,Yhvh_1_123,Yhvh_1,Jesus,1,35211,
MAT 17:1__Simon_1_2,MAT 17:1,Simon_1_2,Simon_1,Peter,1,35212,
MAT 17:1__James_1_1,MAT 17:1,James_1_1,James_1,James,1,35213,
MAT 17:1__John_2_1,MAT 17:1,John_2_1,John_2,John,1,35214,
MAT 17:2__NA,MAT 17:2,NA,NA,NA,,35215,
MAT 17:3__Moses_1_1,MAT 17:3,Moses_1_1,Moses_1,Moses,1,35216,
MAT 17:3__Elijah_1_1,MAT 17:3,Elijah_1_1,Elijah_1,Elijah,1,35217,
MAT 17:4__Simon_1_2,MAT 17:4,Simon_1_2,Simon_1,Peter,1,35218,
MAT 17:4__Yhvh_1_123,MAT 17:4,Yhvh_1_123,Yhvh_1,Jesus,1,35219,
MAT 17:4__Yhvh_1_11,MAT 17:4,Yhvh_1_11,Yhvh_1,Lord,1,35220,
MAT 17:4__Moses_1_1,MAT 17:4,Moses_1_1,Moses_1,Moses,1,35221,
MAT 17:4__Elijah_1_1,MAT 17:4,Elijah_1_1,Elijah_1,Elijah,1,35222,
MAT 17:5__Yhvh_1_133,MAT 17:5,Yhvh_1_133,Yhvh_1,My beloved Son,1,35223,
MAT 17:6__NA,MAT 17:6,NA,NA,NA,,35224,
MAT 17:7__Yhvh_1_123,MAT 17:7,Yhvh_1_123,Yhvh_1,Jesus,1,35225,
MAT 17:8__Yhvh_1_123,MAT 17:8,Yhvh_1_123,Yhvh_1,Jesus,1,35226,
MAT 17:9__Yhvh_1_123,MAT 17:9,Yhvh_1_123,Yhvh_1,Jesus,1,35227,
MAT 17:9__Matthew_1_1,MAT 17:9,Matthew_1_1,Matthew_1,Matthew,1,35228,
MAT 17:10__Elijah_1_1,MAT 17:10,Elijah_1_1,Elijah_1,Elijah,1,35229,
MAT 17:11__Elijah_1_1,MAT 17:11,Elijah_1_1,Elijah_1,Elijah,1,35230,
MAT 17:12__Elijah_1_1,MAT 17:12,Elijah_1_1,Elijah_1,Elijah,1,35231,
MAT 17:12__Yhvh_1_138,MAT 17:12,Yhvh_1_138,Yhvh_1,Son of Man,1,35232,
MAT 17:13__John_1_2,MAT 17:13,John_1_2,John_1,John the Baptist,1,35233,
MAT 17:14__Yhvh_1_123,MAT 17:14,Yhvh_1_123,Yhvh_1,Jesus,1,35234,
MAT 17:15__Yhvh_1_11,MAT 17:15,Yhvh_1_11,Yhvh_1,Lord,1,35235,
MAT 17:16__NA,MAT 17:16,NA,NA,NA,,35236,
MAT 17:17__Yhvh_1_123,MAT 17:17,Yhvh_1_123,Yhvh_1,Jesus,1,35237,
MAT 17:18__Yhvh_1_123,MAT 17:18,Yhvh_1_123,Yhvh_1,Jesus,1,35238,
MAT 17:19__Yhvh_1_123,MAT 17:19,Yhvh_1_123,Yhvh_1,Jesus,1,35239,
MAT 17:20__NA,MAT 17:20,NA,NA,NA,,35240,
MAT 17:21__NA,MAT 17:21,NA,NA,NA,,35241,
MAT 17:22__Yhvh_1_138,MAT 17:22,Yhvh_1_138,Yhvh_1,Son of Man,1,35242,
MAT 17:23__NA,MAT 17:23,NA,NA,NA,,35243,
MAT 17:24__Simon_1_2,MAT 17:24,Simon_1_2,Simon_1,Peter,1,35244,
MAT 17:25__Yhvh_1_123,MAT 17:25,Yhvh_1_123,Yhvh_1,Jesus,1,35245,
MAT 17:25__Simon_1_1,MAT 17:25,Simon_1_1,Simon_1,Simon,1,35246,
MAT 17:26__Simon_1_2,MAT 17:26,Simon_1_2,Simon_1,Peter,1,35247,
MAT 17:26__Yhvh_1_123,MAT 17:26,Yhvh_1_123,Yhvh_1,Jesus,1,35248,
MAT 17:27__NA,MAT 17:27,NA,NA,NA,,35249,
MAT 18:1__Yhvh_1_123,MAT 18:1,Yhvh_1_123,Yhvh_1,Jesus,1,35250,
MAT 18:2__NA,MAT 18:2,NA,NA,NA,,35251,
MAT 18:3__NA,MAT 18:3,NA,NA,NA,,35252,
MAT 18:4__NA,MAT 18:4,NA,NA,NA,,35253,
MAT 18:5__NA,MAT 18:5,NA,NA,NA,,35254,
MAT 18:6__NA,MAT 18:6,NA,NA,NA,,35255,
MAT 18:7__NA,MAT 18:7,NA,NA,NA,,35256,
MAT 18:8__NA,MAT 18:8,NA,NA,NA,,35257,
MAT 18:9__NA,MAT 18:9,NA,NA,NA,,35258,
MAT 18:10__Yhvh_2_1,MAT 18:10,Yhvh_2_1,Yhvh_2,Father in heaven,1,35259,
MAT 18:11__Yhvh_1_138,MAT 18:11,Yhvh_1_138,Yhvh_1,Son of Man,1,35260,
MAT 18:12__NA,MAT 18:12,NA,NA,NA,,35261,
MAT 18:13__NA,MAT 18:13,NA,NA,NA,,35262,
MAT 18:14__Yhvh_2_1,MAT 18:14,Yhvh_2_1,Yhvh_2,Father in heaven,1,35263,your Father who is in heaven
MAT 18:15__NA,MAT 18:15,NA,NA,NA,,35264,
MAT 18:16__NA,MAT 18:16,NA,NA,NA,,35265,
MAT 18:17__NA,MAT 18:17,NA,NA,NA,,35266,
MAT 18:18__NA,MAT 18:18,NA,NA,NA,,35267,
MAT 18:19__Yhvh_2_1,MAT 18:19,Yhvh_2_1,Yhvh_2,Father in heaven,1,35268,My Father who is in heaven
MAT 18:20__NA,MAT 18:20,NA,NA,NA,,35269,
MAT 18:21__Simon_1_2,MAT 18:21,Simon_1_2,Simon_1,Peter,1,35270,
MAT 18:21__Yhvh_1_11,MAT 18:21,Yhvh_1_11,Yhvh_1,Lord,1,35271,
MAT 18:22__Yhvh_1_123,MAT 18:22,Yhvh_1_123,Yhvh_1,Jesus,1,35272,
MAT 18:23__NA,MAT 18:23,NA,NA,NA,,35273,
MAT 18:24__NA,MAT 18:24,NA,NA,NA,,35274,
MAT 18:25__NA,MAT 18:25,NA,NA,NA,,35275,
MAT 18:26__NA,MAT 18:26,NA,NA,NA,,35276,
MAT 18:27__NA,MAT 18:27,NA,NA,NA,,35277,
MAT 18:28__NA,MAT 18:28,NA,NA,NA,,35278,
MAT 18:29__NA,MAT 18:29,NA,NA,NA,,35279,
MAT 18:30__NA,MAT 18:30,NA,NA,NA,,35280,
MAT 18:31__NA,MAT 18:31,NA,NA,NA,,35281,
MAT 18:32__NA,MAT 18:32,NA,NA,NA,,35282,
MAT 18:33__NA,MAT 18:33,NA,NA,NA,,35283,
MAT 18:34__NA,MAT 18:34,NA,NA,NA,,35284,
MAT 18:35__Yhvh_2_1,MAT 18:35,Yhvh_2_1,Yhvh_2,Father in heaven,1,35285,My heavenly Father
MAT 19:1__Yhvh_1_123,MAT 19:1,Yhvh_1_123,Yhvh_1,Jesus,1,35286,
MAT 19:2__NA,MAT 19:2,NA,NA,NA,,35287,
MAT 19:3__Yhvh_1_123,MAT 19:3,Yhvh_1_123,Yhvh_1,Jesus,1,35288,
MAT 19:4__NA,MAT 19:4,NA,NA,NA,,35289,
MAT 19:5__NA,MAT 19:5,NA,NA,NA,,35290,
MAT 19:6__Yhvh_1_1,MAT 19:6,Yhvh_1_1,Yhvh_1,G-d,1,35291,
MAT 19:7__Moses_1_1,MAT 19:7,Moses_1_1,Moses_1,Moses,1,35292,
MAT 19:8__Moses_1_1,MAT 19:8,Moses_1_1,Moses_1,Moses,1,35293,
MAT 19:9__NA,MAT 19:9,NA,NA,NA,,35294,
MAT 19:10__NA,MAT 19:10,NA,NA,NA,,35295,
MAT 19:11__NA,MAT 19:11,NA,NA,NA,,35296,
MAT 19:12__NA,MAT 19:12,NA,NA,NA,,35297,
MAT 19:13__NA,MAT 19:13,NA,NA,NA,,35298,
MAT 19:14__Yhvh_1_123,MAT 19:14,Yhvh_1_123,Yhvh_1,Jesus,1,35299,
MAT 19:15__NA,MAT 19:15,NA,NA,NA,,35300,
MAT 19:16__Yhvh_1_137,MAT 19:16,Yhvh_1_137,Yhvh_1,Teacher,1,35301,
MAT 19:17__NA,MAT 19:17,NA,NA,NA,,35302,
MAT 19:18__Yhvh_1_123,MAT 19:18,Yhvh_1_123,Yhvh_1,Jesus,1,35303,
MAT 19:19__NA,MAT 19:19,NA,NA,NA,,35304,
MAT 19:20__NA,MAT 19:20,NA,NA,NA,,35305,
MAT 19:21__Yhvh_1_123,MAT 19:21,Yhvh_1_123,Yhvh_1,Jesus,1,35306,
MAT 19:22__NA,MAT 19:22,NA,NA,NA,,35307,
MAT 19:23__Yhvh_1_123,MAT 19:23,Yhvh_1_123,Yhvh_1,Jesus,1,35308,
MAT 19:24__Yhvh_1_1,MAT 19:24,Yhvh_1_1,Yhvh_1,G-d,1,35309,kingdom of G-d
MAT 19:25__NA,MAT 19:25,NA,NA,NA,,35310,
MAT 19:26__Yhvh_1_123,MAT 19:26,Yhvh_1_123,Yhvh_1,Jesus,1,35311,
MAT 19:26__Yhvh_1_1,MAT 19:26,Yhvh_1_1,Yhvh_1,G-d,1,35312,
MAT 19:27__Simon_1_2,MAT 19:27,Simon_1_2,Simon_1,Peter,1,35313,
MAT 19:28__Yhvh_1_123,MAT 19:28,Yhvh_1_123,Yhvh_1,Jesus,1,35314,
MAT 19:28__Yhvh_1_138,MAT 19:28,Yhvh_1_138,Yhvh_1,Son of Man,1,35315,
MAT 19:29__NA,MAT 19:29,NA,NA,NA,,35316,
MAT 19:30__NA,MAT 19:30,NA,NA,NA,,35317,
MAT 20:1__NA,MAT 20:1,NA,NA,NA,,35318,
MAT 20:2__NA,MAT 20:2,NA,NA,NA,,35319,
MAT 20:3__NA,MAT 20:3,NA,NA,NA,,35320,
MAT 20:4__NA,MAT 20:4,NA,NA,NA,,35321,
MAT 20:5__NA,MAT 20:5,NA,NA,NA,,35322,
MAT 20:6__NA,MAT 20:6,NA,NA,NA,,35323,
MAT 20:7__NA,MAT 20:7,NA,NA,NA,,35324,
MAT 20:8__NA,MAT 20:8,NA,NA,NA,,35325,
MAT 20:9__NA,MAT 20:9,NA,NA,NA,,35326,
MAT 20:10__NA,MAT 20:10,NA,NA,NA,,35327,
MAT 20:11__NA,MAT 20:11,NA,NA,NA,,35328,
MAT 20:12__NA,MAT 20:12,NA,NA,NA,,35329,
MAT 20:13__NA,MAT 20:13,NA,NA,NA,,35330,
MAT 20:14__NA,MAT 20:14,NA,NA,NA,,35331,
MAT 20:15__NA,MAT 20:15,NA,NA,NA,,35332,
MAT 20:16__NA,MAT 20:16,NA,NA,NA,,35333,
MAT 20:17__Yhvh_1_123,MAT 20:17,Yhvh_1_123,Yhvh_1,Jesus,1,35334,
MAT 20:18__Yhvh_1_138,MAT 20:18,Yhvh_1_138,Yhvh_1,Son of Man,1,35335,
MAT 20:19__NA,MAT 20:19,NA,NA,NA,,35336,
MAT 20:20__Zebedee_1_1,MAT 20:20,Zebedee_1_1,Zebedee_1,Zebedee,1,35337,mother of the sons of Zebedee
MAT 20:20__Yhvh_1_123,MAT 20:20,Yhvh_1_123,Yhvh_1,Jesus,1,35338,
MAT 20:21__NA,MAT 20:21,NA,NA,NA,,35339,
MAT 20:22__Yhvh_1_123,MAT 20:22,Yhvh_1_123,Yhvh_1,Jesus,1,35340,
MAT 20:23__Yhvh_2_2,MAT 20:23,Yhvh_2_2,Yhvh_2,Father,1,35341,My Father
MAT 20:24__NA,MAT 20:24,NA,NA,NA,,35342,
MAT 20:25__Yhvh_1_123,MAT 20:25,Yhvh_1_123,Yhvh_1,Jesus,1,35343,
MAT 20:26__NA,MAT 20:26,NA,NA,NA,,35344,
MAT 20:27__NA,MAT 20:27,NA,NA,NA,,35345,
MAT 20:28__Yhvh_1_138,MAT 20:28,Yhvh_1_138,Yhvh_1,Son of Man,1,35346,
MAT 20:29__NA,MAT 20:29,NA,NA,NA,,35347,
MAT 20:30__Yhvh_1_123,MAT 20:30,Yhvh_1_123,Yhvh_1,Jesus,1,35348,
MAT 20:30__Yhvh_1_11,MAT 20:30,Yhvh_1_11,Yhvh_1,Lord,1,35349,
MAT 20:30__Yhvh_1_125,MAT 20:30,Yhvh_1_125,Yhvh_1,Son of David,1,35350,
MAT 20:31__Yhvh_1_11,MAT 20:31,Yhvh_1_11,Yhvh_1,Lord,1,35351,
MAT 20:31__Yhvh_1_125,MAT 20:31,Yhvh_1_125,Yhvh_1,Son of David,1,35352,
MAT 20:32__Yhvh_1_123,MAT 20:32,Yhvh_1_123,Yhvh_1,Jesus,1,35353,
MAT 20:33__Yhvh_1_11,MAT 20:33,Yhvh_1_11,Yhvh_1,Lord,1,35354,
MAT 20:34__Yhvh_1_123,MAT 20:34,Yhvh_1_123,Yhvh_1,Jesus,1,35355,
MAT 21:1__Yhvh_1_123,MAT 21:1,Yhvh_1_123,Yhvh_1,Jesus,1,35356,
MAT 21:2__NA,MAT 21:2,NA,NA,NA,,35357,
MAT 21:3__Yhvh_1_11,MAT 21:3,Yhvh_1_11,Yhvh_1,Lord,1,35358,
MAT 21:4__NA,MAT 21:4,NA,NA,NA,,35359,
MAT 21:5__NA,MAT 21:5,NA,NA,NA,,35360,
MAT 21:6__Yhvh_1_123,MAT 21:6,Yhvh_1_123,Yhvh_1,Jesus,1,35361,
MAT 21:7__NA,MAT 21:7,NA,NA,NA,,35362,
MAT 21:8__NA,MAT 21:8,NA,NA,NA,,35363,
MAT 21:9__Yhvh_1_125,MAT 21:9,Yhvh_1_125,Yhvh_1,Son of David,1,35364,
MAT 21:9__Yhvh_1_144,MAT 21:9,Yhvh_1_144,Yhvh_1,LORD,1,35365,
MAT 21:10__NA,MAT 21:10,NA,NA,NA,,35366,
MAT 21:11__Yhvh_1_123,MAT 21:11,Yhvh_1_123,Yhvh_1,Jesus,1,35367,the prophet Jesus
MAT 21:12__Yhvh_1_123,MAT 21:12,Yhvh_1_123,Yhvh_1,Jesus,1,35368,
MAT 21:13__NA,MAT 21:13,NA,NA,NA,,35369,
MAT 21:14__NA,MAT 21:14,NA,NA,NA,,35370,
MAT 21:15__Yhvh_1_125,MAT 21:15,Yhvh_1_125,Yhvh_1,Son of David,1,35371,
MAT 21:16__Yhvh_1_123,MAT 21:16,Yhvh_1_123,Yhvh_1,Jesus,1,35372,
MAT 21:17__NA,MAT 21:17,NA,NA,NA,,35373,
MAT 21:18__NA,MAT 21:18,NA,NA,NA,,35374,
MAT 21:19__NA,MAT 21:19,NA,NA,NA,,35375,
MAT 21:20__NA,MAT 21:20,NA,NA,NA,,35376,
MAT 21:21__Yhvh_1_123,MAT 21:21,Yhvh_1_123,Yhvh_1,Jesus,1,35377,
MAT 21:22__NA,MAT 21:22,NA,NA,NA,,35378,
MAT 21:23__NA,MAT 21:23,NA,NA,NA,,35379,
MAT 21:24__Yhvh_1_123,MAT 21:24,Yhvh_1_123,Yhvh_1,Jesus,1,35380,
MAT 21:25__John_1_1,MAT 21:25,John_1_1,John_1,John,1,35381,baptism of John
MAT 21:26__John_1_1,MAT 21:26,John_1_1,John_1,John,1,35382,
MAT 21:27__Yhvh_1_123,MAT 21:27,Yhvh_1_123,Yhvh_1,Jesus,1,35383,
MAT 21:28__NA,MAT 21:28,NA,NA,NA,,35384,
MAT 21:29__NA,MAT 21:29,NA,NA,NA,,35385,
MAT 21:30__NA,MAT 21:30,NA,NA,NA,,35386,
MAT 21:31__Yhvh_1_123,MAT 21:31,Yhvh_1_123,Yhvh_1,Jesus,1,35387,
MAT 21:31__Yhvh_1_1,MAT 21:31,Yhvh_1_1,Yhvh_1,G-d,1,35388,kingdom of G-d
MAT 21:32__John_1_1,MAT 21:32,John_1_1,John_1,John,1,35389,
MAT 21:33__NA,MAT 21:33,NA,NA,NA,,35390,
MAT 21:34__NA,MAT 21:34,NA,NA,NA,,35391,
MAT 21:35__NA,MAT 21:35,NA,NA,NA,,35392,
MAT 21:36__NA,MAT 21:36,NA,NA,NA,,35393,
MAT 21:37__NA,MAT 21:37,NA,NA,NA,,35394,
MAT 21:38__NA,MAT 21:38,NA,NA,NA,,35395,
MAT 21:39__NA,MAT 21:39,NA,NA,NA,,35396,
MAT 21:40__NA,MAT 21:40,NA,NA,NA,,35397,
MAT 21:41__NA,MAT 21:41,NA,NA,NA,,35398,
MAT 21:42__Yhvh_1_123,MAT 21:42,Yhvh_1_123,Yhvh_1,Jesus,1,35399,
MAT 21:42__Caiaphas_1_1,MAT 21:42,Caiaphas_1_1,Caiaphas_1,Caiaphas,1,35400,
MAT 21:43__Yhvh_1_1,MAT 21:43,Yhvh_1_1,Yhvh_1,G-d,1,35401,kingdom of G-d
MAT 21:44__NA,MAT 21:44,NA,NA,NA,,35402,
MAT 21:45__NA,MAT 21:45,NA,NA,NA,,35403,
MAT 21:46__NA,MAT 21:46,NA,NA,NA,,35404,
MAT 22:1__Yhvh_1_123,MAT 22:1,Yhvh_1_123,Yhvh_1,Jesus,1,35405,
MAT 22:2__NA,MAT 22:2,NA,NA,NA,,35406,
MAT 22:3__NA,MAT 22:3,NA,NA,NA,,35407,
MAT 22:4__NA,MAT 22:4,NA,NA,NA,,35408,
MAT 22:5__NA,MAT 22:5,NA,NA,NA,,35409,
MAT 22:6__NA,MAT 22:6,NA,NA,NA,,35410,
MAT 22:7__NA,MAT 22:7,NA,NA,NA,,35411,
MAT 22:8__NA,MAT 22:8,NA,NA,NA,,35412,
MAT 22:9__NA,MAT 22:9,NA,NA,NA,,35413,
MAT 22:10__NA,MAT 22:10,NA,NA,NA,,35414,
MAT 22:11__NA,MAT 22:11,NA,NA,NA,,35415,
MAT 22:12__NA,MAT 22:12,NA,NA,NA,,35416,
MAT 22:13__NA,MAT 22:13,NA,NA,NA,,35417,
MAT 22:14__NA,MAT 22:14,NA,NA,NA,,35418,
MAT 22:15__NA,MAT 22:15,NA,NA,NA,,35419,
MAT 22:16__Yhvh_1_137,MAT 22:16,Yhvh_1_137,Yhvh_1,Teacher,1,35420,
MAT 22:16__Yhvh_1_1,MAT 22:16,Yhvh_1_1,Yhvh_1,G-d,1,35421,the way of G-d
MAT 22:17__Caesar_1_1,MAT 22:17,Caesar_1_1,Caesar_1,Caesar,1,35422,
MAT 22:18__Yhvh_1_123,MAT 22:18,Yhvh_1_123,Yhvh_1,Jesus,1,35423,
MAT 22:19__NA,MAT 22:19,NA,NA,NA,,35424,
MAT 22:20__NA,MAT 22:20,NA,NA,NA,,35425,
MAT 22:21__Caesar_1_1,MAT 22:21,Caesar_1_1,Caesar_1,Caesar,3,35426,
MAT 22:21__Yhvh_1_1,MAT 22:21,Yhvh_1_1,Yhvh_1,G-d,1,35427,
MAT 22:22__NA,MAT 22:22,NA,NA,NA,,35428,
MAT 22:23__Yhvh_1_123,MAT 22:23,Yhvh_1_123,Yhvh_1,Jesus,1,35429,
MAT 22:24__Yhvh_1_137,MAT 22:24,Yhvh_1_137,Yhvh_1,Teacher,1,35430,
MAT 22:24__Moses_1_1,MAT 22:24,Moses_1_1,Moses_1,Moses,1,35431,
MAT 22:25__NA,MAT 22:25,NA,NA,NA,,35432,
MAT 22:26__NA,MAT 22:26,NA,NA,NA,,35433,
MAT 22:27__NA,MAT 22:27,NA,NA,NA,,35434,
MAT 22:28__NA,MAT 22:28,NA,NA,NA,,35435,
MAT 22:29__Yhvh_1_123,MAT 22:29,Yhvh_1_123,Yhvh_1,Jesus,1,35436,
MAT 22:29__Yhvh_1_1,MAT 22:29,Yhvh_1_1,Yhvh_1,G-d,1,35437,power of G-d
MAT 22:30__NA,MAT 22:30,NA,NA,NA,,35438,
MAT 22:31__Yhvh_1_1,MAT 22:31,Yhvh_1_1,Yhvh_1,G-d,1,35439,
MAT 22:32__Yhvh_1_21,MAT 22:32,Yhvh_1_21,Yhvh_1,"the G-d of Abraham, the G-d of Isaac, and the G-d of Jacob",1,35440,
MAT 22:32__Yhvh_1_1,MAT 22:32,Yhvh_1_1,Yhvh_1,G-d,1,35441,
MAT 22:33__NA,MAT 22:33,NA,NA,NA,,35442,
MAT 22:34__Yhvh_1_123,MAT 22:34,Yhvh_1_123,Yhvh_1,Jesus,1,35443,
MAT 22:35__NA,MAT 22:35,NA,NA,NA,,35444,
MAT 22:36__Yhvh_1_137,MAT 22:36,Yhvh_1_137,Yhvh_1,Teacher,1,35445,
MAT 22:37__Yhvh_1_2,MAT 22:37,Yhvh_1_2,Yhvh_1,LORD G-d,1,35446,the LORD your G-d
MAT 22:38__NA,MAT 22:38,NA,NA,NA,,35447,
MAT 22:39__NA,MAT 22:39,NA,NA,NA,,35448,
MAT 22:40__NA,MAT 22:40,NA,NA,NA,,35449,
MAT 22:41__Yhvh_1_123,MAT 22:41,Yhvh_1_123,Yhvh_1,Jesus,1,35450,
MAT 22:42__Yhvh_1_140,MAT 22:42,Yhvh_1_140,Yhvh_1,Christ,1,35451,
MAT 22:42__David_1_1,MAT 22:42,David_1_1,David_1,David,1,35452,
MAT 22:43__David_1_1,MAT 22:43,David_1_1,David_1,David,1,35453,
MAT 22:43__Yhvh_1_11,MAT 22:43,Yhvh_1_11,Yhvh_1,Lord,1,35454,
MAT 22:44__Yhvh_1_144,MAT 22:44,Yhvh_1_144,Yhvh_1,LORD,1,35455,
MAT 22:44__Yhvh_1_11,MAT 22:44,Yhvh_1_11,Yhvh_1,Lord,1,35456,
MAT 22:45__Yhvh_1_11,MAT 22:45,Yhvh_1_11,Yhvh_1,Lord,1,35457,
MAT 22:46__NA,MAT 22:46,NA,NA,NA,,35458,
MAT 23:1__Yhvh_1_123,MAT 23:1,Yhvh_1_123,Yhvh_1,Jesus,1,35459,
MAT 23:2__Moses_1_1,MAT 23:2,Moses_1_1,Moses_1,Moses,1,35460,
MAT 23:3__NA,MAT 23:3,NA,NA,NA,,35461,
MAT 23:4__NA,MAT 23:4,NA,NA,NA,,35462,
MAT 23:5__NA,MAT 23:5,NA,NA,NA,,35463,
MAT 23:6__NA,MAT 23:6,NA,NA,NA,,35464,
MAT 23:7__NA,MAT 23:7,NA,NA,NA,,35465,
MAT 23:8__Yhvh_1_137,MAT 23:8,Yhvh_1_137,Yhvh_1,Teacher,1,35466,
MAT 23:9__Yhvh_2_2,MAT 23:9,Yhvh_2_2,Yhvh_2,Father,1,35467,
MAT 23:10__Yhvh_1_146,MAT 23:10,Yhvh_1_146,Yhvh_1,Rabbi,1,35468,
MAT 23:10__Yhvh_1_140,MAT 23:10,Yhvh_1_140,Yhvh_1,Christ,1,35469,
MAT 23:11__NA,MAT 23:11,NA,NA,NA,,35470,
MAT 23:12__NA,MAT 23:12,NA,NA,NA,,35471,
MAT 23:13__NA,MAT 23:13,NA,NA,NA,,35472,
MAT 23:14__NA,MAT 23:14,NA,NA,NA,,35473,
MAT 23:15__NA,MAT 23:15,NA,NA,NA,,35474,
MAT 23:16__NA,MAT 23:16,NA,NA,NA,,35475,
MAT 23:17__NA,MAT 23:17,NA,NA,NA,,35476,
MAT 23:18__NA,MAT 23:18,NA,NA,NA,,35477,
MAT 23:19__NA,MAT 23:19,NA,NA,NA,,35478,
MAT 23:20__NA,MAT 23:20,NA,NA,NA,,35479,
MAT 23:21__NA,MAT 23:21,NA,NA,NA,,35480,
MAT 23:22__Yhvh_1_1,MAT 23:22,Yhvh_1_1,Yhvh_1,G-d,1,35481,throne of G-d
MAT 23:23__NA,MAT 23:23,NA,NA,NA,,35482,
MAT 23:24__NA,MAT 23:24,NA,NA,NA,,35483,
MAT 23:25__NA,MAT 23:25,NA,NA,NA,,35484,
MAT 23:26__NA,MAT 23:26,NA,NA,NA,,35485,
MAT 23:27__NA,MAT 23:27,NA,NA,NA,,35486,
MAT 23:28__NA,MAT 23:28,NA,NA,NA,,35487,
MAT 23:29__NA,MAT 23:29,NA,NA,NA,,35488,
MAT 23:30__NA,MAT 23:30,NA,NA,NA,,35489,
MAT 23:31__NA,MAT 23:31,NA,NA,NA,,35490,
MAT 23:32__NA,MAT 23:32,NA,NA,NA,,35491,
MAT 23:33__NA,MAT 23:33,NA,NA,NA,,35492,
MAT 23:34__NA,MAT 23:34,NA,NA,NA,,35493,
MAT 23:35__Abel_1_1,MAT 23:35,Abel_1_1,Abel_1,Abel,1,35494,
MAT 23:35__Zechariah_13_1,MAT 23:35,Zechariah_13_1,Zechariah_13,Zechariah,1,35495,
MAT 23:35__Berechiah_6_1,MAT 23:35,Berechiah_6_1,Berechiah_6,Berechiah,1,35496,
MAT 23:36__NA,MAT 23:36,NA,NA,NA,,35497,
MAT 23:37__NA,MAT 23:37,NA,NA,NA,,35498,
MAT 23:38__NA,MAT 23:38,NA,NA,NA,,35499,
MAT 23:39__Yhvh_1_144,MAT 23:39,Yhvh_1_144,Yhvh_1,LORD,1,35500,
MAT 24:1__Yhvh_1_123,MAT 24:1,Yhvh_1_123,Yhvh_1,Jesus,1,35501,
MAT 24:2__NA,MAT 24:2,NA,NA,NA,,35502,
MAT 24:3__NA,MAT 24:3,NA,NA,NA,,35503,
MAT 24:4__Yhvh_1_123,MAT 24:4,Yhvh_1_123,Yhvh_1,Jesus,1,35504,
MAT 24:5__Yhvh_1_140,MAT 24:5,Yhvh_1_140,Yhvh_1,Christ,1,35505,the Christ
MAT 24:6__NA,MAT 24:6,NA,NA,NA,,35506,
MAT 24:7__NA,MAT 24:7,NA,NA,NA,,35507,
MAT 24:8__NA,MAT 24:8,NA,NA,NA,,35508,
MAT 24:9__NA,MAT 24:9,NA,NA,NA,,35509,
MAT 24:10__NA,MAT 24:10,NA,NA,NA,,35510,
MAT 24:11__NA,MAT 24:11,NA,NA,NA,,35511,
MAT 24:12__NA,MAT 24:12,NA,NA,NA,,35512,
MAT 24:13__NA,MAT 24:13,NA,NA,NA,,35513,
MAT 24:14__NA,MAT 24:14,NA,NA,NA,,35514,
MAT 24:15__Daniel_2_1,MAT 24:15,Daniel_2_1,Daniel_2,Daniel,1,35515,
MAT 24:16__NA,MAT 24:16,NA,NA,NA,,35516,
MAT 24:17__NA,MAT 24:17,NA,NA,NA,,35517,
MAT 24:18__NA,MAT 24:18,NA,NA,NA,,35518,
MAT 24:19__NA,MAT 24:19,NA,NA,NA,,35519,
MAT 24:20__NA,MAT 24:20,NA,NA,NA,,35520,
MAT 24:21__NA,MAT 24:21,NA,NA,NA,,35521,
MAT 24:22__NA,MAT 24:22,NA,NA,NA,,35522,
MAT 24:23__Yhvh_1_140,MAT 24:23,Yhvh_1_140,Yhvh_1,Christ,1,35523,the Christ
MAT 24:24__NA,MAT 24:24,NA,NA,NA,,35524,"Christs here is referring to ""false Christs"" not the Messiah"
MAT 24:25__NA,MAT 24:25,NA,NA,NA,,35525,
MAT 24:26__NA,MAT 24:26,NA,NA,NA,,35526,
MAT 24:27__Yhvh_1_138,MAT 24:27,Yhvh_1_138,Yhvh_1,Son of Man,1,35527,
MAT 24:28__NA,MAT 24:28,NA,NA,NA,,35528,
MAT 24:29__NA,MAT 24:29,NA,NA,NA,,35529,
MAT 24:30__Yhvh_1_138,MAT 24:30,Yhvh_1_138,Yhvh_1,Son of Man,2,35530,
MAT 24:31__NA,MAT 24:31,NA,NA,NA,,35531,
MAT 24:32__NA,MAT 24:32,NA,NA,NA,,35532,
MAT 24:33__NA,MAT 24:33,NA,NA,NA,,35533,
MAT 24:34__NA,MAT 24:34,NA,NA,NA,,35534,
MAT 24:35__NA,MAT 24:35,NA,NA,NA,,35535,
MAT 24:36__Yhvh_1_131,MAT 24:36,Yhvh_1_131,Yhvh_1,Son,1,35536,the Son
MAT 24:36__Yhvh_2_2,MAT 24:36,Yhvh_2_2,Yhvh_2,Father,1,35537,the Father
MAT 24:37__Yhvh_1_138,MAT 24:37,Yhvh_1_138,Yhvh_1,Son of Man,2,35538,
MAT 24:37__Noah_1_1,MAT 24:37,Noah_1_1,Noah_1,Noah,1,35539,
MAT 24:38__Noah_1_1,MAT 24:38,Noah_1_1,Noah_1,Noah,1,35540,
MAT 24:39__Yhvh_1_138,MAT 24:39,Yhvh_1_138,Yhvh_1,Son of Man,2,35541,
MAT 24:40__NA,MAT 24:40,NA,NA,NA,,35542,
MAT 24:41__NA,MAT 24:41,NA,NA,NA,,35543,
MAT 24:42__Yhvh_1_11,MAT 24:42,Yhvh_1_11,Yhvh_1,Lord,1,35544,your Lord
MAT 24:43__NA,MAT 24:43,NA,NA,NA,,35545,
MAT 24:44__Yhvh_1_138,MAT 24:44,Yhvh_1_138,Yhvh_1,Son of Man,2,35546,
MAT 24:45__NA,MAT 24:45,NA,NA,NA,,35547,
MAT 24:46__NA,MAT 24:46,NA,NA,NA,,35548,
MAT 24:47__NA,MAT 24:47,NA,NA,NA,,35549,
MAT 24:48__NA,MAT 24:48,NA,NA,NA,,35550,
MAT 24:49__NA,MAT 24:49,NA,NA,NA,,35551,
MAT 24:50__NA,MAT 24:50,NA,NA,NA,,35552,
MAT 24:51__NA,MAT 24:51,NA,NA,NA,,35553,
MAT 25:1__NA,MAT 25:1,NA,NA,NA,,35554,
MAT 25:2__NA,MAT 25:2,NA,NA,NA,,35555,
MAT 25:3__NA,MAT 25:3,NA,NA,NA,,35556,
MAT 25:4__NA,MAT 25:4,NA,NA,NA,,35557,
MAT 25:5__NA,MAT 25:5,NA,NA,NA,,35558,
MAT 25:6__NA,MAT 25:6,NA,NA,NA,,35559,
MAT 25:7__NA,MAT 25:7,NA,NA,NA,,35560,
MAT 25:8__NA,MAT 25:8,NA,NA,NA,,35561,
MAT 25:9__NA,MAT 25:9,NA,NA,NA,,35562,
MAT 25:10__NA,MAT 25:10,NA,NA,NA,,35563,
MAT 25:11__NA,MAT 25:11,NA,NA,NA,,35564,this is the lord of the parable
MAT 25:12__NA,MAT 25:12,NA,NA,NA,,35565,
MAT 25:13__NA,MAT 25:13,NA,NA,NA,,35566,
MAT 25:14__NA,MAT 25:14,NA,NA,NA,,35567,
MAT 25:15__NA,MAT 25:15,NA,NA,NA,,35568,
MAT 25:16__NA,MAT 25:16,NA,NA,NA,,35569,
MAT 25:17__NA,MAT 25:17,NA,NA,NA,,35570,
MAT 25:18__NA,MAT 25:18,NA,NA,NA,,35571,
MAT 25:19__NA,MAT 25:19,NA,NA,NA,,35572,
MAT 25:20__NA,MAT 25:20,NA,NA,NA,,35573,
MAT 25:21__NA,MAT 25:21,NA,NA,NA,,35574,
MAT 25:22__NA,MAT 25:22,NA,NA,NA,,35575,
MAT 25:23__NA,MAT 25:23,NA,NA,NA,,35576,
MAT 25:24__NA,MAT 25:24,NA,NA,NA,,35577,
MAT 25:25__NA,MAT 25:25,NA,NA,NA,,35578,
MAT 25:26__NA,MAT 25:26,NA,NA,NA,,35579,
MAT 25:27__NA,MAT 25:27,NA,NA,NA,,35580,
MAT 25:28__NA,MAT 25:28,NA,NA,NA,,35581,
MAT 25:29__NA,MAT 25:29,NA,NA,NA,,35582,
MAT 25:30__NA,MAT 25:30,NA,NA,NA,,35583,
MAT 25:31__Yhvh_1_138,MAT 25:31,Yhvh_1_138,Yhvh_1,Son of Man,1,35584,
MAT 25:32__NA,MAT 25:32,NA,NA,NA,,35585,
MAT 25:33__NA,MAT 25:33,NA,NA,NA,,35586,
MAT 25:34__Yhvh_1_55,MAT 25:34,Yhvh_1_55,Yhvh_1,King,1,35587,
MAT 25:34__Yhvh_2_2,MAT 25:34,Yhvh_2_2,Yhvh_2,Father,1,35588,my Father
MAT 25:35__NA,MAT 25:35,NA,NA,NA,,35589,
MAT 25:36__NA,MAT 25:36,NA,NA,NA,,35590,
MAT 25:37__Yhvh_1_11,MAT 25:37,Yhvh_1_11,Yhvh_1,Lord,1,35591,
MAT 25:38__NA,MAT 25:38,NA,NA,NA,,35592,
MAT 25:39__NA,MAT 25:39,NA,NA,NA,,35593,
MAT 25:40__Yhvh_1_55,MAT 25:40,Yhvh_1_55,Yhvh_1,King,1,35594,
MAT 25:41__NA,MAT 25:41,NA,NA,NA,,35595,
MAT 25:42__NA,MAT 25:42,NA,NA,NA,,35596,
MAT 25:43__NA,MAT 25:43,NA,NA,NA,,35597,
MAT 25:44__Yhvh_1_11,MAT 25:44,Yhvh_1_11,Yhvh_1,Lord,1,35598,
MAT 25:45__NA,MAT 25:45,NA,NA,NA,,35599,
MAT 25:46__NA,MAT 25:46,NA,NA,NA,,35600,
MAT 26:1__Yhvh_1_123,MAT 26:1,Yhvh_1_123,Yhvh_1,Jesus,1,35601,
MAT 26:2__Yhvh_1_138,MAT 26:2,Yhvh_1_138,Yhvh_1,Son of Man,1,35602,
MAT 26:3__Caiaphas_1_1,MAT 26:3,Caiaphas_1_1,Caiaphas_1,Caiaphas,1,35603,
MAT 26:4__Yhvh_1_123,MAT 26:4,Yhvh_1_123,Yhvh_1,Jesus,1,35604,
MAT 26:5__NA,MAT 26:5,NA,NA,NA,,35605,
MAT 26:6__Yhvh_1_123,MAT 26:6,Yhvh_1_123,Yhvh_1,Jesus,1,35606,
MAT 26:6__Simon_4_1,MAT 26:6,Simon_4_1,Simon_4,Simon,1,35607,the leper
MAT 26:7__NA,MAT 26:7,NA,NA,NA,,35608,
MAT 26:8__NA,MAT 26:8,NA,NA,NA,,35609,
MAT 26:9__NA,MAT 26:9,NA,NA,NA,,35610,
MAT 26:10__Yhvh_1_123,MAT 26:10,Yhvh_1_123,Yhvh_1,Jesus,1,35611,
MAT 26:11__NA,MAT 26:11,NA,NA,NA,,35612,
MAT 26:12__NA,MAT 26:12,NA,NA,NA,,35613,
MAT 26:13__NA,MAT 26:13,NA,NA,NA,,35614,
MAT 26:14__Judas_1_,MAT 26:14,Judas_1_,Judas_1,Judas Iscariot,1,35615,
MAT 26:15__NA,MAT 26:15,NA,NA,NA,,35616,
MAT 26:16__Yhvh_1_123,MAT 26:16,Yhvh_1_123,Yhvh_1,Jesus,1,35617,
MAT 26:17__Yhvh_1_123,MAT 26:17,Yhvh_1_123,Yhvh_1,Jesus,1,35618,
MAT 26:18__Yhvh_1_137,MAT 26:18,Yhvh_1_137,Yhvh_1,Teacher,1,35619,
MAT 26:19__Yhvh_1_123,MAT 26:19,Yhvh_1_123,Yhvh_1,Jesus,1,35620,
MAT 26:20__Yhvh_1_123,MAT 26:20,Yhvh_1_123,Yhvh_1,Jesus,1,35621,
MAT 26:21__NA,MAT 26:21,NA,NA,NA,,35622,
MAT 26:22__Yhvh_1_11,MAT 26:22,Yhvh_1_11,Yhvh_1,Lord,1,35623,
MAT 26:23__NA,MAT 26:23,NA,NA,NA,,35624,
MAT 26:24__Yhvh_1_138,MAT 26:24,Yhvh_1_138,Yhvh_1,Son of Man,2,35625,
MAT 26:25__Judas_1_1,MAT 26:25,Judas_1_1,Judas_1,Judas,1,35626,
MAT 26:25__Yhvh_1_146,MAT 26:25,Yhvh_1_146,Yhvh_1,Rabbi,1,35627,
MAT 26:25__Yhvh_1_123,MAT 26:25,Yhvh_1_123,Yhvh_1,Jesus,1,35628,
MAT 26:26__Yhvh_1_123,MAT 26:26,Yhvh_1_123,Yhvh_1,Jesus,1,35629,
MAT 26:27__NA,MAT 26:27,NA,NA,NA,,35630,
MAT 26:28__NA,MAT 26:28,NA,NA,NA,,35631,
MAT 26:29__Yhvh_2_2,MAT 26:29,Yhvh_2_2,Yhvh_2,Father,1,35632,my Father's kingdom
MAT 26:30__NA,MAT 26:30,NA,NA,NA,,35633,
MAT 26:31__Yhvh_1_123,MAT 26:31,Yhvh_1_123,Yhvh_1,Jesus,1,35634,
MAT 26:32__NA,MAT 26:32,NA,NA,NA,,35635,
MAT 26:33__Simon_1_2,MAT 26:33,Simon_1_2,Simon_1,Peter,1,35636,
MAT 26:34__NA,MAT 26:34,NA,NA,NA,,35637,
MAT 26:35__Simon_1_2,MAT 26:35,Simon_1_2,Simon_1,Peter,1,35638,
MAT 26:36__Yhvh_1_123,MAT 26:36,Yhvh_1_123,Yhvh_1,Jesus,1,35639,
MAT 26:37__Simon_1_2,MAT 26:37,Simon_1_2,Simon_1,Peter,1,35640,
MAT 26:37__Zebedee_1_1,MAT 26:37,Zebedee_1_1,Zebedee_1,Zebedee,2,35641,two sons of Zebedee
MAT 26:38__NA,MAT 26:38,NA,NA,NA,,35642,
MAT 26:39__Yhvh_2_2,MAT 26:39,Yhvh_2_2,Yhvh_2,Father,1,35643,my Father
MAT 26:40__Simon_1_2,MAT 26:40,Simon_1_2,Simon_1,Peter,1,35644,
MAT 26:41__NA,MAT 26:41,NA,NA,NA,,35645,
MAT 26:42__Yhvh_2_2,MAT 26:42,Yhvh_2_2,Yhvh_2,Father,1,35646,my Father
MAT 26:43__NA,MAT 26:43,NA,NA,NA,,35647,
MAT 26:44__NA,MAT 26:44,NA,NA,NA,,35648,
MAT 26:45__Yhvh_1_138,MAT 26:45,Yhvh_1_138,Yhvh_1,Son of Man,1,35649,
MAT 26:46__NA,MAT 26:46,NA,NA,NA,,35650,
MAT 26:47__Judas_1_1,MAT 26:47,Judas_1_1,Judas_1,Judas,1,35651,
MAT 26:48__NA,MAT 26:48,NA,NA,NA,,35652,
MAT 26:49__Judas_1_1,MAT 26:49,Judas_1_1,Judas_1,Judas,1,35653,
MAT 26:49__Yhvh_1_123,MAT 26:49,Yhvh_1_123,Yhvh_1,Jesus,1,35654,
MAT 26:49__Yhvh_1_146,MAT 26:49,Yhvh_1_146,Yhvh_1,Rabbi,1,35655,
MAT 26:50__Yhvh_1_123,MAT 26:50,Yhvh_1_123,Yhvh_1,Jesus,1,35656,
MAT 26:51__Yhvh_1_123,MAT 26:51,Yhvh_1_123,Yhvh_1,Jesus,1,35657,
MAT 26:52__Yhvh_1_123,MAT 26:52,Yhvh_1_123,Yhvh_1,Jesus,1,35658,
MAT 26:53__Yhvh_2_2,MAT 26:53,Yhvh_2_2,Yhvh_2,Father,1,35659,my Father
MAT 26:54__NA,MAT 26:54,NA,NA,NA,,35660,
MAT 26:55__Yhvh_1_123,MAT 26:55,Yhvh_1_123,Yhvh_1,Jesus,1,35661,
MAT 26:56__NA,MAT 26:56,NA,NA,NA,,35662,
MAT 26:57__Yhvh_1_123,MAT 26:57,Yhvh_1_123,Yhvh_1,Jesus,1,35663,
MAT 26:57__Caiaphas_1_1,MAT 26:57,Caiaphas_1_1,Caiaphas_1,Caiaphas,1,35664,
MAT 26:58__Simon_1_2,MAT 26:58,Simon_1_2,Simon_1,Peter,1,35665,
MAT 26:59__Yhvh_1_123,MAT 26:59,Yhvh_1_123,Yhvh_1,Jesus,1,35666,
MAT 26:60__NA,MAT 26:60,NA,NA,NA,,35667,
MAT 26:61__Yhvh_1_1,MAT 26:61,Yhvh_1_1,Yhvh_1,G-d,1,35668,temple of G-d
MAT 26:62__NA,MAT 26:62,NA,NA,NA,,35669,
MAT 26:63__Yhvh_1_123,MAT 26:63,Yhvh_1_123,Yhvh_1,Jesus,1,35670,
MAT 26:63__Yhvh_1_32,MAT 26:63,Yhvh_1_32,Yhvh_1,The Living G-d,1,35671,
MAT 26:63__Yhvh_1_140,MAT 26:63,Yhvh_1_140,Yhvh_1,Christ,1,35672,
MAT 26:63__Yhvh_1_134,MAT 26:63,Yhvh_1_134,Yhvh_1,Son of G-d,1,35673,
MAT 26:64__Yhvh_1_123,MAT 26:64,Yhvh_1_123,Yhvh_1,Jesus,1,35674,
MAT 26:64__Yhvh_1_138,MAT 26:64,Yhvh_1_138,Yhvh_1,Son of Man,2,35675,
MAT 26:65__NA,MAT 26:65,NA,NA,NA,,35676,
MAT 26:66__NA,MAT 26:66,NA,NA,NA,,35677,
MAT 26:67__NA,MAT 26:67,NA,NA,NA,,35678,
MAT 26:68__Yhvh_1_140,MAT 26:68,Yhvh_1_140,Yhvh_1,Christ,1,35679,
MAT 26:69__Simon_1_2,MAT 26:69,Simon_1_2,Simon_1,Peter,1,35680,
MAT 26:69__Yhvh_1_147,MAT 26:69,Yhvh_1_147,Yhvh_1,Jesus the Galilean,1,35681,
MAT 26:70__NA,MAT 26:70,NA,NA,NA,,35682,
MAT 26:71__Yhvh_1_148,MAT 26:71,Yhvh_1_148,Yhvh_1,Jesus of Nazareth,1,35683,
MAT 26:72__NA,MAT 26:72,NA,NA,NA,,35684,
MAT 26:73__Simon_1_2,MAT 26:73,Simon_1_2,Simon_1,Peter,1,35685,
MAT 26:74__NA,MAT 26:74,NA,NA,NA,,35686,
MAT 26:75__Simon_1_2,MAT 26:75,Simon_1_2,Simon_1,Peter,1,35687,
MAT 26:75__Yhvh_1_123,MAT 26:75,Yhvh_1_123,Yhvh_1,Jesus,1,35688,
MAT 27:1__Yhvh_1_123,MAT 27:1,Yhvh_1_123,Yhvh_1,Jesus,1,35689,
MAT 27:2__Pilate_1_2,MAT 27:2,Pilate_1_2,Pilate_1,Pilate the governor,1,35690,
MAT 27:3__Judas_1_1,MAT 27:3,Judas_1_1,Judas_1,Judas,1,35691,
MAT 27:4__NA,MAT 27:4,NA,NA,NA,,35692,
MAT 27:5__NA,MAT 27:5,NA,NA,NA,,35693,
MAT 27:6__NA,MAT 27:6,NA,NA,NA,,35694,
MAT 27:7__NA,MAT 27:7,NA,NA,NA,,35695,
MAT 27:8__NA,MAT 27:8,NA,NA,NA,,35696,
MAT 27:9__Jeremiah_6_1,MAT 27:9,Jeremiah_6_1,Jeremiah_6,Jeremiah,1,35697,Jeremiah the prophet
MAT 27:9__Jacob_1_2,MAT 27:9,Jacob_1_2,Jacob_1,Israel,1,35698,sons of Israel
MAT 27:10__Yhvh_1_3,MAT 27:10,Yhvh_1_3,Yhvh_1,LORD,1,35699,
MAT 27:11__Yhvh_1_123,MAT 27:11,Yhvh_1_123,Yhvh_1,Jesus,2,35700,
MAT 27:11__Yhvh_1_130,MAT 27:11,Yhvh_1_130,Yhvh_1,King of the Jews,1,35701,
MAT 27:12__NA,MAT 27:12,NA,NA,NA,,35702,
MAT 27:13__Pilate_1_1,MAT 27:13,Pilate_1_1,Pilate_1,Pilate,1,35703,
MAT 27:14__NA,MAT 27:14,NA,NA,NA,,35704,
MAT 27:15__NA,MAT 27:15,NA,NA,NA,,35705,
MAT 27:16__Barabbas_1_1,MAT 27:16,Barabbas_1_1,Barabbas_1,Barabbas,1,35706,
MAT 27:17__Pilate_1_1,MAT 27:17,Pilate_1_1,Pilate_1,Pilate,1,35707,
MAT 27:17__Barabbas_1_1,MAT 27:17,Barabbas_1_1,Barabbas_1,Barabbas,1,35708,
MAT 27:17__Yhvh_1_123,MAT 27:17,Yhvh_1_123,Yhvh_1,Jesus,1,35709,
MAT 27:17__Yhvh_1_140,MAT 27:17,Yhvh_1_140,Yhvh_1,Christ,1,35710,
MAT 27:18__NA,MAT 27:18,NA,NA,NA,,35711,
MAT 27:19__NA,MAT 27:19,NA,NA,NA,,35712,
MAT 27:20__Barabbas_1_1,MAT 27:20,Barabbas_1_1,Barabbas_1,Barabbas,1,35713,
MAT 27:20__Yhvh_1_123,MAT 27:20,Yhvh_1_123,Yhvh_1,Jesus,1,35714,
MAT 27:21__Barabbas_1_1,MAT 27:21,Barabbas_1_1,Barabbas_1,Barabbas,1,35715,
MAT 27:22__Pilate_1_1,MAT 27:22,Pilate_1_1,Pilate_1,Pilate,1,35716,
MAT 27:22__Yhvh_1_123,MAT 27:22,Yhvh_1_123,Yhvh_1,Jesus,1,35717,
MAT 27:22__Yhvh_1_140,MAT 27:22,Yhvh_1_140,Yhvh_1,Christ,1,35718,
MAT 27:23__NA,MAT 27:23,NA,NA,NA,,35719,
MAT 27:24__Pilate_1_1,MAT 27:24,Pilate_1_1,Pilate_1,Pilate,1,35720,
MAT 27:25__NA,MAT 27:25,NA,NA,NA,,35721,
MAT 27:26__Barabbas_1_1,MAT 27:26,Barabbas_1_1,Barabbas_1,Barabbas,1,35722,
MAT 27:26__Yhvh_1_123,MAT 27:26,Yhvh_1_123,Yhvh_1,Jesus,1,35723,
MAT 27:27__Yhvh_1_123,MAT 27:27,Yhvh_1_123,Yhvh_1,Jesus,1,35724,
MAT 27:28__NA,MAT 27:28,NA,NA,NA,,35725,
MAT 27:29__Yhvh_1_130,MAT 27:29,Yhvh_1_130,Yhvh_1,King of the Jews,1,35726,
MAT 27:30__NA,MAT 27:30,NA,NA,NA,,35727,
MAT 27:31__NA,MAT 27:31,NA,NA,NA,,35728,
MAT 27:32__Simon_5_1,MAT 27:32,Simon_5_1,Simon_5,Simon,1,35729,Simon the Cyrene
MAT 27:33__NA,MAT 27:33,NA,NA,NA,,35730,
MAT 27:34__NA,MAT 27:34,NA,NA,NA,,35731,
MAT 27:35__NA,MAT 27:35,NA,NA,NA,,35732,
MAT 27:36__NA,MAT 27:36,NA,NA,NA,,35733,
MAT 27:37__Yhvh_1_123,MAT 27:37,Yhvh_1_123,Yhvh_1,Jesus,1,35734,
MAT 27:37__Yhvh_1_130,MAT 27:37,Yhvh_1_130,Yhvh_1,King of the Jews,1,35735,
MAT 27:38__NA,MAT 27:38,NA,NA,NA,,35736,
MAT 27:39__NA,MAT 27:39,NA,NA,NA,,35737,
MAT 27:40__Yhvh_1_134,MAT 27:40,Yhvh_1_134,Yhvh_1,Son of G-d,1,35738,
MAT 27:41__NA,MAT 27:41,NA,NA,NA,,35739,
MAT 27:42__Yhvh_1_91,MAT 27:42,Yhvh_1_91,Yhvh_1,King of Israel,1,35740,
MAT 27:43__Yhvh_1_1,MAT 27:43,Yhvh_1_1,Yhvh_1,G-d,2,35741,
MAT 27:43__Yhvh_1_134,MAT 27:43,Yhvh_1_134,Yhvh_1,Son of G-d,1,35742,
MAT 27:44__NA,MAT 27:44,NA,NA,NA,,35743,
MAT 27:45__NA,MAT 27:45,NA,NA,NA,,35744,
MAT 27:46__Yhvh_1_123,MAT 27:46,Yhvh_1_123,Yhvh_1,Jesus,1,35745,
MAT 27:46__Yhvh_1_1,MAT 27:46,Yhvh_1_1,Yhvh_1,G-d,2,35746,
MAT 27:47__Elijah_1_1,MAT 27:47,Elijah_1_1,Elijah_1,Elijah,1,35747,
MAT 27:48__NA,MAT 27:48,NA,NA,NA,,35748,
MAT 27:49__Elijah_1_1,MAT 27:49,Elijah_1_1,Elijah_1,Elijah,1,35749,
MAT 27:50__Yhvh_1_123,MAT 27:50,Yhvh_1_123,Yhvh_1,Jesus,1,35750,
MAT 27:51__NA,MAT 27:51,NA,NA,NA,,35751,
MAT 27:52__NA,MAT 27:52,NA,NA,NA,,35752,
MAT 27:53__NA,MAT 27:53,NA,NA,NA,,35753,
MAT 27:54__Yhvh_1_123,MAT 27:54,Yhvh_1_123,Yhvh_1,Jesus,1,35754,
MAT 27:54__Yhvh_1_134,MAT 27:54,Yhvh_1_134,Yhvh_1,Son of G-d,1,35755,
MAT 27:55__Yhvh_1_123,MAT 27:55,Yhvh_1_123,Yhvh_1,Jesus,1,35756,
MAT 27:56__Mary Magdalene_1_1,MAT 27:56,Mary Magdalene_1_1,Mary Magdalene_1,Mary Magdalene,1,35757,
MAT 27:56__Mary_1_1,MAT 27:56,Mary_1_1,Mary_1,Mary,1,35758,
MAT 27:56__James_3_1,MAT 27:56,James_3_1,James_3,James,1,35759,
MAT 27:56__Joseph_7_1,MAT 27:56,Joseph_7_1,Joseph_7,Joseph,1,35760,
MAT 27:56__Zebedee_1_1,MAT 27:56,Zebedee_1_1,Zebedee_1,Zebedee,1,35761,mother of the sons of Zebedee
MAT 27:57__Joseph_8_1,MAT 27:57,Joseph_8_1,Joseph_8,Joseph,1,35762,Joseph of Arimethea
MAT 27:57__Yhvh_1_123,MAT 27:57,Yhvh_1_123,Yhvh_1,Jesus,1,35763,
MAT 27:58__Pilate_1_1,MAT 27:58,Pilate_1_1,Pilate_1,Pilate,2,35764,
MAT 27:58__Yhvh_1_123,MAT 27:58,Yhvh_1_123,Yhvh_1,Jesus,1,35765,
MAT 27:59__Joseph_8_1,MAT 27:59,Joseph_8_1,Joseph_8,Joseph,1,35766,
MAT 27:60__NA,MAT 27:60,NA,NA,NA,,35767,
MAT 27:61__Mary Magdalene_1_1,MAT 27:61,Mary Magdalene_1_1,Mary Magdalene_1,Mary Magdalene,1,35768,
MAT 27:61__Mary_1_1,MAT 27:61,Mary_1_1,Mary_1,Mary,1,35769,
MAT 27:62__Pilate_1_1,MAT 27:62,Pilate_1_1,Pilate_1,Pilate,1,35770,
MAT 27:63__NA,MAT 27:63,NA,NA,NA,,35771,
MAT 27:64__NA,MAT 27:64,NA,NA,NA,,35772,
MAT 27:65__Pilate_1_1,MAT 27:65,Pilate_1_1,Pilate_1,Pilate,1,35773,
MAT 27:66__NA,MAT 27:66,NA,NA,NA,,35774,
MAT 28:1__Mary Magdalene_1_1,MAT 28:1,Mary Magdalene_1_1,Mary Magdalene_1,Mary Magdalene,1,35775,
MAT 28:1__Mary_1_1,MAT 28:1,Mary_1_1,Mary_1,Mary,1,35776,
MAT 28:2__Yhvh_1_11,MAT 28:2,Yhvh_1_11,Yhvh_1,Lord,1,35777,an angel of the Lord
MAT 28:3__NA,MAT 28:3,NA,NA,NA,,35778,
MAT 28:4__NA,MAT 28:4,NA,NA,NA,,35779,
MAT 28:5__Yhvh_1_123,MAT 28:5,Yhvh_1_123,Yhvh_1,Jesus,1,35780,
MAT 28:6__NA,MAT 28:6,NA,NA,NA,,35781,
MAT 28:7__NA,MAT 28:7,NA,NA,NA,,35782,
MAT 28:8__NA,MAT 28:8,NA,NA,NA,,35783,
MAT 28:9__Yhvh_1_123,MAT 28:9,Yhvh_1_123,Yhvh_1,Jesus,1,35784,
MAT 28:10__Yhvh_1_123,MAT 28:10,Yhvh_1_123,Yhvh_1,Jesus,1,35785,
MAT 28:11__NA,MAT 28:11,NA,NA,NA,,35786,
MAT 28:12__NA,MAT 28:12,NA,NA,NA,,35787,
MAT 28:13__NA,MAT 28:13,NA,NA,NA,,35788,
MAT 28:14__NA,MAT 28:14,NA,NA,NA,,35789,
MAT 28:15__NA,MAT 28:15,NA,NA,NA,,35790,
MAT 28:16__Yhvh_1_123,MAT 28:16,Yhvh_1_123,Yhvh_1,Jesus,1,35791,
MAT 28:17__NA,MAT 28:17,NA,NA,NA,,35792,
MAT 28:18__Yhvh_1_123,MAT 28:18,Yhvh_1_123,Yhvh_1,Jesus,1,35793,
MAT 28:19__Yhvh_2_2,MAT 28:19,Yhvh_2_2,Yhvh_2,Father,1,35794,
MAT 28:19__Yhvh_1_131,MAT 28:19,Yhvh_1_131,Yhvh_1,Son,1,35795,
MAT 28:20__NA,MAT 28:20,NA,NA,NA,,35796,
MRK 1:1__Yhvh_1_127,MRK 1:1,Yhvh_1_127,Yhvh_1,Jesus Christ,1,35797,
MRK 1:1__Yhvh_1_134,MRK 1:1,Yhvh_1_134,Yhvh_1,Son of G-d,1,35798,
MRK 1:2__Isaiah_1_1,MRK 1:2,Isaiah_1_1,Isaiah_1,Isaiah,1,35799,
MRK 1:2__John_1_3,MRK 1:2,John_1_3,John_1,My Messenger,1,35800,
MRK 1:3__Yhvh_1_3,MRK 1:3,Yhvh_1_3,Yhvh_1,LORD,1,35801,
MRK 1:4__John_1_2,MRK 1:4,John_1_2,John_1,John the Baptist,1,35802,
MRK 1:5__NA,MRK 1:5,NA,NA,NA,,35803,
MRK 1:6__John_1_1,MRK 1:6,John_1_1,John_1,John,1,35804,
MRK 1:7__NA,MRK 1:7,NA,NA,NA,,35805,
MRK 1:8__NA,MRK 1:8,NA,NA,NA,,35806,
MRK 1:9__Yhvh_1_123,MRK 1:9,Yhvh_1_123,Yhvh_1,Jesus,1,35807,
MRK 1:10__NA,MRK 1:10,NA,NA,NA,,35808,
MRK 1:11__Yhvh_1_133,MRK 1:11,Yhvh_1_133,Yhvh_1,My beloved Son,1,35809,
MRK 1:12__NA,MRK 1:12,NA,NA,NA,,35810,
MRK 1:13__Satan_1_4,MRK 1:13,Satan_1_4,Satan_1,Satan,1,35811,
MRK 1:14__John_1_1,MRK 1:14,John_1_1,John_1,John,1,35812,
MRK 1:14__Yhvh_1_123,MRK 1:14,Yhvh_1_123,Yhvh_1,Jesus,1,35813,
MRK 1:14__Yhvh_1_1,MRK 1:14,Yhvh_1_1,Yhvh_1,G-d,1,35814,
MRK 1:15__Yhvh_1_1,MRK 1:15,Yhvh_1_1,Yhvh_1,G-d,1,35815,kingdom of G-d
MRK 1:16__Simon_1_1,MRK 1:16,Simon_1_1,Simon_1,Simon,1,35816,
MRK 1:16__Andrew_1_1,MRK 1:16,Andrew_1_1,Andrew_1,Andrew,1,35817,
MRK 1:17__Yhvh_1_123,MRK 1:17,Yhvh_1_123,Yhvh_1,Jesus,1,35818,
MRK 1:18__NA,MRK 1:18,NA,NA,NA,,35819,
MRK 1:19__James_1_1,MRK 1:19,James_1_1,James_1,James,1,35820,
MRK 1:19__Zebedee_1_1,MRK 1:19,Zebedee_1_1,Zebedee_1,Zebedee,1,35821,
MRK 1:19__John_2_1,MRK 1:19,John_2_1,John_2,John,1,35822,
MRK 1:20__Zebedee_1_1,MRK 1:20,Zebedee_1_1,Zebedee_1,Zebedee,2,35823,
MRK 1:21__NA,MRK 1:21,NA,NA,NA,,35824,
MRK 1:22__NA,MRK 1:22,NA,NA,NA,,35825,
MRK 1:23__NA,MRK 1:23,NA,NA,NA,,35826,
MRK 1:24__Yhvh_1_148,MRK 1:24,Yhvh_1_148,Yhvh_1,Jesus of Nazareth,1,35827,
MRK 1:24__Yhvh_1_149,MRK 1:24,Yhvh_1_149,Yhvh_1,Holy One of G-d,1,35828,
MRK 1:25__Yhvh_1_123,MRK 1:25,Yhvh_1_123,Yhvh_1,Jesus,1,35829,
MRK 1:26__NA,MRK 1:26,NA,NA,NA,,35830,
MRK 1:27__NA,MRK 1:27,NA,NA,NA,,35831,
MRK 1:28__NA,MRK 1:28,NA,NA,NA,,35832,
MRK 1:29__Simon_1_1,MRK 1:29,Simon_1_1,Simon_1,Simon,1,35833,
MRK 1:29__Andrew_1_1,MRK 1:29,Andrew_1_1,Andrew_1,Andrew,1,35834,
MRK 1:29__James_1_1,MRK 1:29,James_1_1,James_1,James,1,35835,
MRK 1:29__John_2_1,MRK 1:29,John_2_1,John_2,John,1,35836,
MRK 1:30__Simon_1_1,MRK 1:30,Simon_1_1,Simon_1,Simon,1,35837,
MRK 1:30__Yhvh_1_123,MRK 1:30,Yhvh_1_123,Yhvh_1,Jesus,1,35838,
MRK 1:31__NA,MRK 1:31,NA,NA,NA,,35839,
MRK 1:32__NA,MRK 1:32,NA,NA,NA,,35840,
MRK 1:33__NA,MRK 1:33,NA,NA,NA,,35841,
MRK 1:34__NA,MRK 1:34,NA,NA,NA,,35842,
MRK 1:35__Yhvh_1_123,MRK 1:35,Yhvh_1_123,Yhvh_1,Jesus,1,35843,
MRK 1:36__Simon_1_1,MRK 1:36,Simon_1_1,Simon_1,Simon,1,35844,
MRK 1:37__NA,MRK 1:37,NA,NA,NA,,35845,
MRK 1:38__NA,MRK 1:38,NA,NA,NA,,35846,
MRK 1:39__NA,MRK 1:39,NA,NA,NA,,35847,
MRK 1:40__Yhvh_1_123,MRK 1:40,Yhvh_1_123,Yhvh_1,Jesus,1,35848,
MRK 1:41__Yhvh_1_123,MRK 1:41,Yhvh_1_123,Yhvh_1,Jesus,1,35849,
MRK 1:42__NA,MRK 1:42,NA,NA,NA,,35850,
MRK 1:43__NA,MRK 1:43,NA,NA,NA,,35851,
MRK 1:44__Moses_1_1,MRK 1:44,Moses_1_1,Moses_1,Moses,1,35852,
MRK 1:45__Yhvh_1_123,MRK 1:45,Yhvh_1_123,Yhvh_1,Jesus,1,35853,
MRK 2:1__NA,MRK 2:1,NA,NA,NA,,35854,
MRK 2:2__NA,MRK 2:2,NA,NA,NA,,35855,
MRK 2:3__NA,MRK 2:3,NA,NA,NA,,35856,
MRK 2:4__NA,MRK 2:4,NA,NA,NA,,35857,
MRK 2:5__Yhvh_1_123,MRK 2:5,Yhvh_1_123,Yhvh_1,Jesus,1,35858,
MRK 2:6__NA,MRK 2:6,NA,NA,NA,,35859,
MRK 2:7__Yhvh_1_1,MRK 2:7,Yhvh_1_1,Yhvh_1,G-d,1,35860,
MRK 2:8__Yhvh_1_123,MRK 2:8,Yhvh_1_123,Yhvh_1,Jesus,1,35861,
MRK 2:9__NA,MRK 2:9,NA,NA,NA,,35862,
MRK 2:10__Yhvh_1_138,MRK 2:10,Yhvh_1_138,Yhvh_1,Son of Man,2,35863,
MRK 2:11__NA,MRK 2:11,NA,NA,NA,,35864,
MRK 2:12__Yhvh_1_1,MRK 2:12,Yhvh_1_1,Yhvh_1,G-d,1,35865,
MRK 2:13__NA,MRK 2:13,NA,NA,NA,,35866,
MRK 2:14__James_2_2,MRK 2:14,James_2_2,James_2,Levi,1,35867,
MRK 2:14__Alphaeus_1_1,MRK 2:14,Alphaeus_1_1,Alphaeus_1,Alphaeus,1,35868,
MRK 2:15__NA,MRK 2:15,NA,NA,NA,,35869,
MRK 2:16__NA,MRK 2:16,NA,NA,NA,,35870,
MRK 2:17__Yhvh_1_123,MRK 2:17,Yhvh_1_123,Yhvh_1,Jesus,1,35871,
MRK 2:18__John_1_1,MRK 2:18,John_1_1,John_1,John,1,35872,
MRK 2:19__Yhvh_1_123,MRK 2:19,Yhvh_1_123,Yhvh_1,Jesus,1,35873,
MRK 2:20__NA,MRK 2:20,NA,NA,NA,,35874,
MRK 2:21__NA,MRK 2:21,NA,NA,NA,,35875,
MRK 2:22__NA,MRK 2:22,NA,NA,NA,,35876,
MRK 2:23__NA,MRK 2:23,NA,NA,NA,,35877,
MRK 2:24__NA,MRK 2:24,NA,NA,NA,,35878,
MRK 2:25__David_1_1,MRK 2:25,David_1_1,David_1,David,1,35879,
MRK 2:26__Yhvh_1_1,MRK 2:26,Yhvh_1_1,Yhvh_1,G-d,1,35880,house of G-d
MRK 2:26__Abiathar_1_1,MRK 2:26,Abiathar_1_1,Abiathar_1,Abiathar,1,35881,
MRK 2:27__Yhvh_1_123,MRK 2:27,Yhvh_1_123,Yhvh_1,Jesus,1,35882,
MRK 2:28__Yhvh_1_138,MRK 2:28,Yhvh_1_138,Yhvh_1,Son of Man,2,35883,
MRK 2:28__Yhvh_1_142,MRK 2:28,Yhvh_1_142,Yhvh_1,Lord of the Sabbath,1,35884,
MRK 3:1__NA,MRK 3:1,NA,NA,NA,,35885,
MRK 3:2__NA,MRK 3:2,NA,NA,NA,,35886,
MRK 3:3__NA,MRK 3:3,NA,NA,NA,,35887,
